Date,spy
2012-01-04,100.910888671875
2012-01-05,101.17960357666016
2012-01-06,100.91879272460938
2012-01-09,101.16374969482422
2012-01-10,102.04090118408203
2012-01-11,102.09622955322266
2012-01-12,102.34115600585938
2012-01-13,101.81172943115234
2012-01-17,102.20684814453125
2012-01-18,103.33688354492188
2012-01-19,103.88211822509766
2012-01-20,104.2693099975586
2012-01-23,104.00064849853516
2012-01-24,103.88211822509766
2012-01-25,104.7513427734375
2012-01-26,104.2140121459961
2012-01-27,104.16658782958984
2012-01-30,103.81097412109375
2012-01-31,103.77151489257812
2012-02-01,104.68024444580078
2012-02-02,104.8461685180664
2012-02-03,106.31597900390625
2012-02-06,106.244873046875
2012-02-07,106.51353454589844
2012-02-08,106.82963562011719
2012-02-09,106.9639892578125
2012-02-10,106.17374420166016
2012-02-13,106.9639892578125
2012-02-14,106.82963562011719
2012-02-15,106.33177185058594
2012-02-16,107.50921630859375
2012-02-17,107.79370880126953
2012-02-21,107.84112548828125
2012-02-22,107.4934310913086
2012-02-23,107.96756744384766
2012-02-24,108.20458221435547
2012-02-27,108.3863296508789
2012-02-28,108.70247650146484
2012-02-29,108.27574920654297
2012-03-01,108.83676147460938
2012-03-02,108.50491333007812
2012-03-05,108.06238555908203
2012-03-06,106.48193359375
2012-03-07,107.22473907470703
2012-03-08,108.29151916503906
2012-03-09,108.71035766601562
2012-03-12,108.71823120117188
2012-03-13,110.67798614501953
2012-03-14,110.55944061279297
2012-03-15,111.19953918457031
2012-03-16,111.35353088378906
2012-03-19,111.79004669189453
2012-03-20,111.46463012695312
2012-03-21,111.28208923339844
2012-03-22,110.48040771484375
2012-03-23,110.837646484375
2012-03-26,112.3932113647461
2012-03-27,112.04401397705078
2012-03-28,111.48846435546875
2012-03-29,111.29793548583984
2012-03-30,111.7583236694336
2012-04-02,112.57575225830078
2012-04-03,112.11542510986328
2012-04-04,111.0042953491211
2012-04-05,110.94876098632812
2012-04-09,109.70268249511719
2012-04-10,107.861328125
2012-04-11,108.734375
2012-04-12,110.15506744384766
2012-04-13,108.84550476074219
2012-04-16,108.77405548095703
2012-04-17,110.38521575927734
2012-04-18,110.01219940185547
2012-04-19,109.30580139160156
2012-04-20,109.48836517333984
2012-04-23,108.56768798828125
2012-04-24,108.98042297363281
2012-04-25,110.47252655029297
2012-04-26,111.24243927001953
2012-04-27,111.4249496459961
2012-04-30,111.01226806640625
2012-05-01,111.70274353027344
2012-05-02,111.36937713623047
2012-05-03,110.52014923095703
2012-05-04,108.734375
2012-05-07,108.81373596191406
2012-05-08,108.37718200683594
2012-05-09,107.73432922363281
2012-05-10,107.95657348632812
2012-05-11,107.63113403320312
2012-05-14,106.44064331054688
2012-05-15,105.82946014404297
2012-05-16,105.42471313476562
2012-05-17,103.86116790771484
2012-05-18,102.97224426269531
2012-05-21,104.74214172363281
2012-05-22,104.92469024658203
2012-05-23,104.98027038574219
2012-05-24,105.18659973144531
2012-05-25,104.84534454345703
2012-05-29,106.11520385742188
2012-05-30,104.57548522949219
2012-05-31,104.3453369140625
2012-06-01,101.71821594238281
2012-06-04,101.67059326171875
2012-06-05,102.44049072265625
2012-06-06,104.74214172363281
2012-06-07,104.80565643310547
2012-06-08,105.63899993896484
2012-06-11,104.29769897460938
2012-06-12,105.49614715576172
2012-06-13,104.82152557373047
2012-06-14,105.93267059326172
2012-06-15,107.01608276367188
2012-06-18,107.2234878540039
2012-06-19,108.2606430053711
2012-06-20,108.08509826660156
2012-06-21,105.65984344482422
2012-06-22,106.47360229492188
2012-06-25,104.7663345336914
2012-06-26,105.2928695678711
2012-06-27,106.24217987060547
2012-06-28,105.9390640258789
2012-06-29,108.57971954345703
2012-07-02,108.90682220458984
2012-07-03,109.62487030029297
2012-07-05,109.13023376464844
2012-07-06,108.09310913085938
2012-07-09,107.95745849609375
2012-07-10,107.01608276367188
2012-07-11,107.03202819824219
2012-07-12,106.51343536376953
2012-07-13,108.3005142211914
2012-07-16,108.04521942138672
2012-07-17,108.78718566894531
2012-07-18,109.59291076660156
2012-07-19,109.880126953125
2012-07-20,108.87496185302734
2012-07-23,107.77397155761719
2012-07-24,106.84851837158203
2012-07-25,106.87249755859375
2012-07-26,108.63556671142578
2012-07-27,110.63803100585938
2012-07-30,110.63803100585938
2012-07-31,109.86421203613281
2012-08-01,109.76847076416016
2012-08-02,109.01055908203125
2012-08-03,111.17257690429688
2012-08-06,111.38796997070312
2012-08-07,111.94644165039062
2012-08-08,112.08206176757812
2012-08-09,112.17781829833984
2012-08-10,112.36126708984375
2012-08-13,112.30548095703125
2012-08-14,112.32146453857422
2012-08-15,112.44904327392578
2012-08-16,113.27874755859375
2012-08-17,113.43032836914062
2012-08-20,113.4383544921875
2012-08-21,113.09526824951172
2012-08-22,113.14313507080078
2012-08-23,112.21768951416016
2012-08-24,112.89585876464844
2012-08-27,112.91973876953125
2012-08-28,112.80806732177734
2012-08-29,112.89585876464844
2012-08-30,112.08206176757812
2012-08-31,112.61659240722656
2012-09-04,112.51286315917969
2012-09-05,112.41717529296875
2012-09-06,114.69883728027344
2012-09-07,115.1456069946289
2012-09-10,114.49139404296875
2012-09-11,114.81050872802734
2012-09-12,115.19348907470703
2012-09-13,116.94861602783203
2012-09-14,117.46719360351562
2012-09-17,117.06827545166016
2012-09-18,116.97256469726562
2012-09-19,117.03630828857422
2012-09-20,117.0443344116211
2012-09-21,116.99543762207031
2012-09-24,116.8189468383789
2012-09-25,115.57579803466797
2012-09-26,114.92610168457031
2012-09-27,116.00892639160156
2012-09-28,115.47154235839844
2012-10-01,115.7763442993164
2012-10-02,115.89662170410156
2012-10-03,116.36978912353516
2012-10-04,117.20397186279297
2012-10-05,117.21196746826172
2012-10-08,116.81092834472656
2012-10-09,115.6559829711914
2012-10-10,114.9181137084961
2012-10-11,114.98229217529297
2012-10-12,114.60530090332031
2012-10-15,115.55978393554688
2012-10-16,116.73074340820312
2012-10-17,117.2601089477539
2012-10-18,116.95532989501953
2012-10-19,115.00630950927734
2012-10-22,115.02237701416016
2012-10-23,113.42626953125
2012-10-24,113.10550689697266
2012-10-25,113.4343032836914
2012-10-26,113.3701400756836
2012-10-31,113.3701400756836
2012-11-01,114.55721282958984
2012-11-02,113.53858184814453
2012-11-05,113.77115631103516
2012-11-06,114.6614990234375
2012-11-07,112.06277465820312
2012-11-08,110.71531677246094
2012-11-09,110.81160736083984
2012-11-12,110.89983367919922
2012-11-13,110.51483917236328
2012-11-14,109.02304077148438
2012-11-15,108.83854675292969
2012-11-16,109.37591552734375
2012-11-19,111.5895767211914
2012-11-20,111.63771057128906
2012-11-21,111.84622955322266
2012-11-23,113.3701400756836
2012-11-26,113.12953186035156
2012-11-27,112.55205535888672
2012-11-28,113.45838928222656
2012-11-29,113.98773956298828
2012-11-30,114.01176452636719
2012-12-03,113.45035552978516
2012-12-04,113.2899398803711
2012-12-05,113.490478515625
2012-12-06,113.87545776367188
2012-12-07,114.22034454345703
2012-12-10,114.26847076416016
2012-12-11,115.0464096069336
2012-12-12,115.1025619506836
2012-12-13,114.39676666259766
2012-12-14,113.97171020507812
2012-12-17,115.31109619140625
2012-12-18,116.59436798095703
2012-12-19,115.72814178466797
2012-12-20,116.39391326904297
2012-12-21,115.33735656738281
2012-12-24,114.9819564819336
2012-12-26,114.49736022949219
2012-12-27,114.34383392333984
2012-12-28,113.10799407958984
2012-12-31,115.03046417236328
2013-01-02,117.97869110107422
2013-01-03,117.71211242675781
2013-01-04,118.22908782958984
2013-01-07,117.90595245361328
2013-01-08,117.5667724609375
2013-01-09,117.8656005859375
2013-01-10,118.80259704589844
2013-01-11,118.79452514648438
2013-01-14,118.71372985839844
2013-01-15,118.79452514648438
2013-01-16,118.7783432006836
2013-01-17,119.54569244384766
2013-01-18,119.81224060058594
2013-01-22,120.45848083496094
2013-01-23,120.6523208618164
2013-01-24,120.68463897705078
2013-01-25,121.3631362915039
2013-01-28,121.21769714355469
2013-01-29,121.69428253173828
2013-01-30,121.21769714355469
2013-01-31,120.91887664794922
2013-02-01,122.16282653808594
2013-02-04,120.78958129882812
2013-02-05,122.00927734375
2013-02-06,122.09818267822266
2013-02-07,121.93666076660156
2013-02-08,122.6151123046875
2013-02-11,122.59088897705078
2013-02-12,122.79279327392578
2013-02-13,122.8978042602539
2013-02-14,123.01092529296875
2013-02-15,122.8654556274414
2013-02-19,123.78633880615234
2013-02-20,122.24353790283203
2013-02-21,121.50047302246094
2013-02-22,122.68778228759766
2013-02-25,120.35343933105469
2013-02-26,121.17735290527344
2013-02-27,122.70397186279297
2013-02-28,122.46162414550781
2013-03-01,122.8654556274414
2013-03-04,123.5197982788086
2013-03-05,124.62638092041016
2013-03-06,124.79597473144531
2013-03-07,125.022216796875
2013-03-08,125.55530548095703
2013-03-11,126.0318603515625
2013-03-12,125.74915313720703
2013-03-13,125.9268798828125
2013-03-14,126.59729766845703
2013-03-15,126.43018341064453
2013-03-18,125.732421875
2013-03-19,125.44034576416016
2013-03-20,126.31656646728516
2013-03-21,125.23748016357422
2013-03-22,126.24354553222656
2013-03-25,125.71623229980469
2013-03-26,126.72228240966797
2013-03-27,126.72228240966797
2013-03-28,127.11164093017578
2013-04-01,126.60860443115234
2013-04-02,127.23336791992188
2013-04-03,125.94336700439453
2013-04-04,126.45450592041016
2013-04-05,125.88655853271484
2013-04-08,126.73841094970703
2013-04-09,127.17652130126953
2013-04-10,128.7342987060547
2013-04-11,129.15625
2013-04-12,128.8397979736328
2013-04-15,125.85414123535156
2013-04-16,127.71200561523438
2013-04-17,125.84597778320312
2013-04-18,125.05899047851562
2013-04-19,126.14620971679688
2013-04-22,126.70601654052734
2013-04-23,128.01226806640625
2013-04-24,128.09335327148438
2013-04-25,128.61264038085938
2013-04-26,128.385498046875
2013-04-29,129.24551391601562
2013-04-30,129.55372619628906
2013-05-01,128.4178924560547
2013-05-02,129.6105499267578
2013-05-03,130.92494201660156
2013-05-06,131.25753784179688
2013-05-07,131.9228515625
2013-05-08,132.52330017089844
2013-05-09,132.1500701904297
2013-05-10,132.58006286621094
2013-05-13,132.6855010986328
2013-05-14,134.05665588378906
2013-05-15,134.77877807617188
2013-05-16,134.14593505859375
2013-05-17,135.4440460205078
2013-05-20,135.43594360351562
2013-05-21,135.63063049316406
2013-05-22,134.6246337890625
2013-05-23,134.23513793945312
2013-05-24,134.12161254882812
2013-05-28,134.92478942871094
2013-05-29,134.04861450195312
2013-05-30,134.54348754882812
2013-05-31,132.61248779296875
2013-06-03,133.34275817871094
2013-06-04,132.70172119140625
2013-06-05,130.8437957763672
2013-06-06,132.02830505371094
2013-06-07,133.70782470703125
2013-06-10,133.70782470703125
2013-06-11,132.3285675048828
2013-06-12,131.2332305908203
2013-06-13,133.22914123535156
2013-06-14,132.39344787597656
2013-06-17,133.4157257080078
2013-06-18,134.47042846679688
2013-06-19,132.61248779296875
2013-06-20,129.32655334472656
2013-06-21,129.7417755126953
2013-06-24,128.10231018066406
2013-06-25,129.333984375
2013-06-26,130.6144561767578
2013-06-27,131.38119506835938
2013-06-28,130.84283447265625
2013-07-01,131.60952758789062
2013-07-02,131.48719787597656
2013-07-03,131.54429626464844
2013-07-05,132.9635009765625
2013-07-08,133.72198486328125
2013-07-09,134.68447875976562
2013-07-10,134.73336791992188
2013-07-11,136.56858825683594
2013-07-12,136.62567138671875
2013-07-15,137.1475830078125
2013-07-16,136.63380432128906
2013-07-17,136.9844970703125
2013-07-18,137.73489379882812
2013-07-19,137.97958374023438
2013-07-22,138.2487030029297
2013-07-23,137.955078125
2013-07-24,137.44944763183594
2013-07-25,137.78384399414062
2013-07-26,137.93069458007812
2013-07-29,137.50648498535156
2013-07-30,137.50648498535156
2013-07-31,137.6043701171875
2013-08-01,139.19483947753906
2013-08-02,139.4313507080078
2013-08-05,139.2275390625
2013-08-06,138.43629455566406
2013-08-07,137.98777770996094
2013-08-08,138.493408203125
2013-08-09,138.09381103515625
2013-08-12,137.93069458007812
2013-08-13,138.3385009765625
2013-08-14,137.6288604736328
2013-08-15,135.70399475097656
2013-08-16,135.25546264648438
2013-08-19,134.39080810546875
2013-08-20,135.05152893066406
2013-08-21,134.2195281982422
2013-08-22,135.4429931640625
2013-08-23,135.89971923828125
2013-08-26,135.39404296875
2013-08-27,133.21632385253906
2013-08-28,133.68939208984375
2013-08-29,133.90145874023438
2013-08-30,133.477294921875
2013-09-03,134.08091735839844
2013-09-04,135.19017028808594
2013-09-05,135.36141967773438
2013-09-06,135.4266815185547
2013-09-09,136.72352600097656
2013-09-10,137.73489379882812
2013-09-11,138.16717529296875
2013-09-12,137.8001251220703
2013-09-13,138.1100616455078
2013-09-16,138.90936279296875
2013-09-17,139.52928161621094
2013-09-18,141.1442413330078
2013-09-19,140.9076690673828
2013-09-20,139.9224853515625
2013-09-23,139.27503967285156
2013-09-24,138.9471435546875
2013-09-25,138.54556274414062
2013-09-26,139.07830810546875
2013-09-27,138.4390411376953
2013-09-30,137.701416015625
2013-10-01,138.79144287109375
2013-10-02,138.66036987304688
2013-10-03,137.3817596435547
2013-10-04,138.4226837158203
2013-10-07,137.22607421875
2013-10-08,135.62779235839844
2013-10-09,135.72618103027344
2013-10-10,138.6521453857422
2013-10-11,139.54551696777344
2013-10-14,140.10281372070312
2013-10-15,139.08648681640625
2013-10-16,141.02899169921875
2013-10-17,141.9715118408203
2013-10-18,142.93048095703125
2013-10-21,142.9386444091797
2013-10-22,143.76646423339844
2013-10-23,143.0780029296875
2013-10-24,143.5533905029297
2013-10-25,144.20909118652344
2013-10-28,144.43849182128906
2013-10-29,145.2089385986328
2013-10-30,144.48765563964844
2013-10-31,144.07785034179688
2013-11-01,144.42218017578125
2013-11-04,144.93028259277344
2013-11-05,144.4713134765625
2013-11-06,145.2089385986328
2013-11-07,143.37306213378906
2013-11-08,145.3073272705078
2013-11-11,145.33189392089844
2013-11-12,145.03684997558594
2013-11-13,146.20065307617188
2013-11-14,146.93014526367188
2013-11-15,147.56942749023438
2013-11-18,147.0530548095703
2013-11-19,146.73345947265625
2013-11-20,146.2744598388672
2013-11-21,147.45469665527344
2013-11-22,148.19232177734375
2013-11-25,148.04476928710938
2013-11-26,148.08575439453125
2013-11-27,148.44638061523438
2013-11-29,148.34799194335938
2013-12-02,147.9628143310547
2013-12-03,147.3235626220703
2013-12-04,147.30712890625
2013-12-05,146.65966796875
2013-12-06,148.29885864257812
2013-12-09,148.6758270263672
2013-12-10,148.1431427001953
2013-12-11,146.47933959960938
2013-12-12,145.9958038330078
2013-12-13,145.97940063476562
2013-12-16,146.88916015625
2013-12-17,146.4219207763672
2013-12-18,148.92172241210938
2013-12-19,148.74964904785156
2013-12-20,149.6149139404297
2013-12-23,150.4142608642578
2013-12-24,150.74386596679688
2013-12-26,151.51025390625
2013-12-27,151.50198364257812
2013-12-30,151.47731018066406
2013-12-31,152.19415283203125
2014-01-02,150.73561096191406
2014-01-03,150.71090698242188
2014-01-06,150.274169921875
2014-01-07,151.19703674316406
2014-01-08,151.23004150390625
2014-01-09,151.3289337158203
2014-01-10,151.74095153808594
2014-01-13,149.72206115722656
2014-01-14,151.35362243652344
2014-01-15,152.16944885253906
2014-01-16,151.97169494628906
2014-01-17,151.3289337158203
2014-01-21,151.7738800048828
2014-01-22,151.87283325195312
2014-01-23,150.62847900390625
2014-01-24,147.41470336914062
2014-01-27,146.68954467773438
2014-01-28,147.56300354003906
2014-01-29,146.14566040039062
2014-01-30,147.69485473632812
2014-01-31,146.82957458496094
2014-02-03,143.5251922607422
2014-02-04,144.53053283691406
2014-02-05,144.34922790527344
2014-02-06,146.2527313232422
2014-02-07,148.06568908691406
2014-02-10,148.3375701904297
2014-02-11,149.96096801757812
2014-02-12,150.03512573242188
2014-02-13,150.80978393554688
2014-02-14,151.6420440673828
2014-02-18,151.8233642578125
2014-02-19,150.8180389404297
2014-02-20,151.70803833007812
2014-02-21,151.53489685058594
2014-02-24,152.37545776367188
2014-02-25,152.3177947998047
2014-02-26,152.32598876953125
2014-02-27,153.12533569335938
2014-02-28,153.51263427734375
2014-03-03,152.4331512451172
2014-03-04,154.57571411132812
2014-03-05,154.71575927734375
2014-03-06,155.07017517089844
2014-03-07,155.1360321044922
2014-03-10,155.0536346435547
2014-03-11,154.2872772216797
2014-03-12,154.32846069335938
2014-03-13,152.59799194335938
2014-03-14,152.16944885253906
2014-03-17,153.545654296875
2014-03-18,154.64163208007812
2014-03-19,153.8175811767578
2014-03-20,154.71575927734375
2014-03-21,154.11572265625
2014-03-24,153.47837829589844
2014-03-25,154.206787109375
2014-03-26,153.09762573242188
2014-03-27,152.7748565673828
2014-03-28,153.52801513671875
2014-03-31,154.7861328125
2014-04-01,155.81248474121094
2014-04-02,156.3339385986328
2014-04-03,156.12701416015625
2014-04-04,154.2812042236328
2014-04-07,152.57615661621094
2014-04-08,153.2052459716797
2014-04-09,154.8523406982422
2014-04-10,151.5995330810547
2014-04-11,150.23385620117188
2014-04-14,151.4174346923828
2014-04-15,152.4603271484375
2014-04-16,154.0577850341797
2014-04-17,154.27293395996094
2014-04-21,154.81094360351562
2014-04-22,155.51446533203125
2014-04-23,155.1503448486328
2014-04-24,155.46481323242188
2014-04-25,154.190185546875
2014-04-28,154.67852783203125
2014-04-29,155.39862060546875
2014-04-30,155.8621063232422
2014-05-01,155.878662109375
2014-05-02,155.65521240234375
2014-05-05,155.9532012939453
2014-05-06,154.59576416015625
2014-05-07,155.50616455078125
2014-05-08,155.34072875976562
2014-05-09,155.5724334716797
2014-05-12,157.0870819091797
2014-05-13,157.22784423828125
2014-05-14,156.48289489746094
2014-05-15,155.10894775390625
2014-05-16,155.64688110351562
2014-05-19,156.21804809570312
2014-05-20,155.2330780029297
2014-05-21,156.5408172607422
2014-05-22,156.9215545654297
2014-05-23,157.55064392089844
2014-05-27,158.51904296875
2014-05-28,158.4031524658203
2014-05-29,159.22254943847656
2014-05-30,159.4791259765625
2014-06-02,159.6612548828125
2014-06-03,159.5784454345703
2014-06-04,159.90130615234375
2014-06-05,160.94410705566406
2014-06-06,161.7139129638672
2014-06-09,161.87945556640625
2014-06-10,161.89596557617188
2014-06-11,161.33314514160156
2014-06-12,160.1909942626953
2014-06-13,160.6792755126953
2014-06-16,160.8116912841797
2014-06-17,161.25868225097656
2014-06-18,162.4422607421875
2014-06-19,162.62435913085938
2014-06-20,162.9545440673828
2014-06-23,162.9046630859375
2014-06-24,161.9232635498047
2014-06-25,162.65513610839844
2014-06-26,162.53868103027344
2014-06-27,162.85470581054688
2014-06-30,162.77154541015625
2014-07-01,163.86099243164062
2014-07-02,164.02735900878906
2014-07-03,164.83404541015625
2014-07-07,164.26023864746094
2014-07-08,163.20399475097656
2014-07-09,163.93585205078125
2014-07-10,163.28713989257812
2014-07-11,163.51165771484375
2014-07-14,164.33506774902344
2014-07-15,164.02735900878906
2014-07-16,164.6344757080078
2014-07-17,162.76324462890625
2014-07-18,164.42652893066406
2014-07-21,164.11880493164062
2014-07-22,164.83404541015625
2014-07-23,165.19998168945312
2014-07-24,165.2082977294922
2014-07-25,164.43484497070312
2014-07-28,164.50135803222656
2014-07-29,163.79443359375
2014-07-30,163.81944274902344
2014-07-31,160.584228515625
2014-08-01,160.0936279296875
2014-08-04,161.24961853027344
2014-08-05,159.68612670898438
2014-08-06,159.73597717285156
2014-08-07,158.87103271484375
2014-08-08,160.7090301513672
2014-08-11,161.17478942871094
2014-08-12,160.9502410888672
2014-08-13,162.03965759277344
2014-08-14,162.80479431152344
2014-08-15,162.77154541015625
2014-08-18,164.13546752929688
2014-08-19,164.9921112060547
2014-08-20,165.43280029296875
2014-08-21,165.91519165039062
2014-08-22,165.65737915039062
2014-08-25,166.497314453125
2014-08-26,166.6055145263672
2014-08-27,166.53892517089844
2014-08-28,166.44744873046875
2014-08-29,166.92152404785156
2014-09-02,166.83831787109375
2014-09-03,166.74685668945312
2014-09-04,166.505615234375
2014-09-05,167.254150390625
2014-09-08,166.8217010498047
2014-09-09,165.76547241210938
2014-09-10,166.38922119140625
2014-09-11,166.5805206298828
2014-09-12,165.60751342773438
2014-09-15,165.4827117919922
2014-09-16,166.73016357421875
2014-09-17,166.95480346679688
2014-09-18,167.84463500976562
2014-09-19,167.6934356689453
2014-09-22,166.39830017089844
2014-09-23,165.44581604003906
2014-09-24,166.74090576171875
2014-09-25,164.05044555664062
2014-09-26,165.35389709472656
2014-09-29,165.05313110351562
2014-09-30,164.6185760498047
2014-10-01,162.3877716064453
2014-10-02,162.41275024414062
2014-10-03,164.2008819580078
2014-10-06,164.0086669921875
2014-10-07,161.47698974609375
2014-10-08,164.30111694335938
2014-10-09,161.04251098632812
2014-10-10,159.20425415039062
2014-10-13,156.58905029296875
2014-10-14,156.83131408691406
2014-10-15,155.7702178955078
2014-10-16,155.6365509033203
2014-10-17,157.47471618652344
2014-10-20,159.00375366210938
2014-10-21,162.15380859375
2014-10-22,161.00070190429688
2014-10-23,162.87232971191406
2014-10-24,164.12564086914062
2014-10-27,163.90003967285156
2014-10-28,165.780029296875
2014-10-29,165.52940368652344
2014-10-30,166.59051513671875
2014-10-31,168.49554443359375
2014-11-03,168.58743286132812
2014-11-04,168.0026092529297
2014-11-05,169.06369018554688
2014-11-06,169.74049377441406
2014-11-07,169.89918518066406
2014-11-10,170.43399047851562
2014-11-11,170.60110473632812
2014-11-12,170.4173126220703
2014-11-13,170.6094207763672
2014-11-14,170.65122985839844
2014-11-17,170.75987243652344
2014-11-18,171.74578857421875
2014-11-19,171.4700469970703
2014-11-20,171.77088928222656
2014-11-21,172.68995666503906
2014-11-24,173.1746063232422
2014-11-25,173.04925537109375
2014-11-26,173.49209594726562
2014-11-28,173.12448120117188
2014-12-01,171.92127990722656
2014-12-02,173.0325469970703
2014-12-03,173.7009735107422
2014-12-04,173.5087890625
2014-12-05,173.79286193847656
2014-12-08,172.63145446777344
2014-12-09,172.5144805908203
2014-12-10,169.74884033203125
2014-12-11,170.6094207763672
2014-12-12,167.85215759277344
2014-12-15,166.69908142089844
2014-12-16,165.3622589111328
2014-12-17,168.60415649414062
2014-12-18,172.77346801757812
2014-12-19,173.50865173339844
2014-12-22,174.3068084716797
2014-12-23,174.54205322265625
2014-12-24,174.558837890625
2014-12-26,175.12176513671875
2014-12-29,175.35702514648438
2014-12-30,174.41604614257812
2014-12-31,172.68528747558594
2015-01-02,172.59288024902344
2015-01-05,169.4759063720703
2015-01-06,167.87965393066406
2015-01-07,169.9715576171875
2015-01-08,172.98777770996094
2015-01-09,171.60153198242188
2015-01-12,170.25723266601562
2015-01-13,169.7783966064453
2015-01-14,168.7533721923828
2015-01-15,167.20750427246094
2015-01-16,169.4003143310547
2015-01-20,169.76153564453125
2015-01-21,170.6185302734375
2015-01-22,173.15577697753906
2015-01-23,172.20639038085938
2015-01-26,172.60968017578125
2015-01-27,170.33285522460938
2015-01-28,168.1484375
2015-01-29,169.70278930664062
2015-01-30,167.56878662109375
2015-02-02,169.64393615722656
2015-02-03,172.09719848632812
2015-02-04,171.44186401367188
2015-02-05,173.17254638671875
2015-02-06,172.69366455078125
2015-02-09,171.92076110839844
2015-02-10,173.7523193359375
2015-02-11,173.85308837890625
2015-02-12,175.52500915527344
2015-02-13,176.24754333496094
2015-02-17,176.5248260498047
2015-02-18,176.5416259765625
2015-02-19,176.41558837890625
2015-02-20,177.47421264648438
2015-02-23,177.448974609375
2015-02-24,177.95301818847656
2015-02-25,177.80178833007812
2015-02-26,177.59176635742188
2015-02-27,176.98687744140625
2015-03-02,178.10433959960938
2015-03-03,177.3733673095703
2015-03-04,176.6256561279297
2015-03-05,176.81887817382812
2015-03-06,174.33201599121094
2015-03-09,175.05453491210938
2015-03-10,172.2147979736328
2015-03-11,171.81153869628906
2015-03-12,173.9959259033203
2015-03-13,172.92901611328125
2015-03-16,175.23939514160156
2015-03-17,174.71847534179688
2015-03-18,176.81887817382812
2015-03-19,176.01229858398438
2015-03-20,177.56597900390625
2015-03-23,177.2199249267578
2015-03-24,176.22415161132812
2015-03-25,173.6417999267578
2015-03-26,173.22830200195312
2015-03-27,173.62484741210938
2015-03-30,175.7431182861328
2015-03-31,174.20718383789062
2015-04-01,173.5911865234375
2015-04-02,174.21566772460938
2015-04-06,175.38865661621094
2015-04-07,174.9244842529297
2015-04-08,175.51527404785156
2015-04-09,176.2916717529297
2015-04-10,177.2537078857422
2015-04-13,176.45199584960938
2015-04-14,176.78955078125
2015-04-15,177.58277893066406
2015-04-16,177.5321502685547
2015-04-17,175.4899139404297
2015-04-20,177.09335327148438
2015-04-21,176.88238525390625
2015-04-22,177.75164794921875
2015-04-23,178.19888305664062
2015-04-24,178.61236572265625
2015-04-27,177.86972045898438
2015-04-28,178.43515014648438
2015-04-29,177.70098876953125
2015-04-30,175.9203643798828
2015-05-01,177.82757568359375
2015-05-04,178.3339385986328
2015-05-05,176.2916717529297
2015-05-06,175.56591796875
2015-05-07,176.26632690429688
2015-05-08,178.58705139160156
2015-05-11,177.73471069335938
2015-05-12,177.2030487060547
2015-05-13,177.23678588867188
2015-05-14,179.0849609375
2015-05-15,179.27911376953125
2015-05-18,179.83602905273438
2015-05-19,179.77699279785156
2015-05-20,179.65037536621094
2015-05-21,180.17356872558594
2015-05-22,179.74317932128906
2015-05-26,177.81068420410156
2015-05-27,179.49844360351562
2015-05-28,179.29595947265625
2015-05-29,178.18199157714844
2015-06-01,178.54490661621094
2015-06-02,178.36767578125
2015-06-03,178.84019470214844
2015-06-04,177.3296661376953
2015-06-05,177.02581787109375
2015-06-08,175.93722534179688
2015-06-09,175.91188049316406
2015-06-10,178.02166748046875
2015-06-11,178.59552001953125
2015-06-12,177.2283935546875
2015-06-15,176.46885681152344
2015-06-16,177.4309539794922
2015-06-17,177.7178955078125
2015-06-18,179.56597900390625
2015-06-19,178.7688446044922
2015-06-22,179.68472290039062
2015-06-23,179.8118896484375
2015-06-24,178.50599670410156
2015-06-25,177.9632568359375
2015-06-26,177.92930603027344
2015-06-29,174.1980438232422
2015-06-30,174.562744140625
2015-07-01,175.96189880371094
2015-07-02,175.8008270263672
2015-07-06,175.300537109375
2015-07-07,176.40292358398438
2015-07-08,173.44332885742188
2015-07-09,173.75711059570312
2015-07-10,175.94503784179688
2015-07-13,177.88697814941406
2015-07-14,178.65863037109375
2015-07-15,178.5992431640625
2015-07-16,180.03240966796875
2015-07-17,180.18504333496094
2015-07-20,180.2783203125
2015-07-21,179.5659942626953
2015-07-22,179.24374389648438
2015-07-23,178.23463439941406
2015-07-24,176.385986328125
2015-07-27,175.35987854003906
2015-07-28,177.5137939453125
2015-07-29,178.7349090576172
2015-07-30,178.77737426757812
2015-07-31,178.50599670410156
2015-08-03,177.90386962890625
2015-08-04,177.5562286376953
2015-08-05,178.14132690429688
2015-08-06,176.6827850341797
2015-08-07,176.34353637695312
2015-08-10,178.5653533935547
2015-08-11,176.9541778564453
2015-08-12,177.1660919189453
2015-08-13,176.94566345214844
2015-08-14,177.5901641845703
2015-08-17,178.582275390625
2015-08-18,178.06503295898438
2015-08-19,176.65736389160156
2015-08-20,172.9684600830078
2015-08-21,167.76170349121094
2015-08-24,160.69778442382812
2015-08-25,158.80670166015625
2015-08-26,164.9038848876953
2015-08-27,168.9828338623047
2015-08-28,168.9913787841797
2015-08-31,167.62603759765625
2015-09-01,162.6227569580078
2015-09-02,165.70948791503906
2015-09-03,165.82823181152344
2015-09-04,163.31813049316406
2015-09-08,167.4224853515625
2015-09-09,165.18373107910156
2015-09-10,166.08261108398438
2015-09-11,166.8373565673828
2015-09-14,166.21835327148438
2015-09-15,168.2959747314453
2015-09-16,169.75454711914062
2015-09-17,169.37289428710938
2015-09-18,166.6051483154297
2015-09-21,167.46609497070312
2015-09-22,165.2924041748047
2015-09-23,165.0281219482422
2015-09-24,164.43148803710938
2015-09-25,164.38882446289062
2015-09-28,160.26312255859375
2015-09-29,160.3568878173828
2015-09-30,163.348876953125
2015-10-01,163.7750701904297
2015-10-02,166.22152709960938
2015-10-05,169.1793975830078
2015-10-06,168.59976196289062
2015-10-07,169.980712890625
2015-10-08,171.5150146484375
2015-10-09,171.61734008789062
2015-10-12,171.77928161621094
2015-10-13,170.69671630859375
2015-10-14,169.87844848632812
2015-10-15,172.48678588867188
2015-10-16,173.2710418701172
2015-10-19,173.35629272460938
2015-10-20,173.13461303710938
2015-10-21,172.0605926513672
2015-10-22,174.9673309326172
2015-10-23,176.88525390625
2015-10-26,176.4505615234375
2015-10-27,176.1095733642578
2015-10-28,178.11270141601562
2015-10-29,178.01048278808594
2015-10-30,177.2432403564453
2015-11-02,179.34024047851562
2015-11-03,179.86024475097656
2015-11-04,179.3146514892578
2015-11-05,179.13565063476562
2015-11-06,179.04185485839844
2015-11-09,177.37112426757812
2015-11-10,177.7803192138672
2015-11-11,177.08135986328125
2015-11-12,174.60931396484375
2015-11-13,172.64874267578125
2015-11-16,175.27426147460938
2015-11-17,175.14634704589844
2015-11-18,177.92526245117188
2015-11-19,177.7718048095703
2015-11-20,178.41961669921875
2015-11-23,178.21507263183594
2015-11-24,178.45375061035156
2015-11-25,178.42813110351562
2015-11-27,178.6326904296875
2015-11-30,177.8911590576172
2015-12-01,179.5874481201172
2015-12-02,177.7547607421875
2015-12-03,175.26565551757812
2015-12-04,178.683837890625
2015-12-07,177.60133361816406
2015-12-08,176.40792846679688
2015-12-09,175.03558349609375
2015-12-10,175.48731994628906
2015-12-11,172.08612060546875
2015-12-14,172.95565795898438
2015-12-15,174.7713165283203
2015-12-16,177.32855224609375
2015-12-17,174.6263885498047
2015-12-18,171.51535034179688
2015-12-21,172.9302215576172
2015-12-22,174.49945068359375
2015-12-23,176.66033935546875
2015-12-24,176.36875915527344
2015-12-28,175.9658203125
2015-12-29,177.8436279296875
2015-12-30,176.5831756591797
2015-12-31,174.8167266845703
2016-01-04,172.37289428710938
2016-01-05,172.66441345214844
2016-01-06,170.48638916015625
2016-01-07,166.3961639404297
2016-01-08,164.56971740722656
2016-01-11,164.732666015625
2016-01-12,166.06175231933594
2016-01-13,161.9200439453125
2016-01-14,164.5782928466797
2016-01-15,161.04541015625
2016-01-19,161.2598419189453
2016-01-20,159.19317626953125
2016-01-21,160.0850372314453
2016-01-22,163.3692626953125
2016-01-25,160.899658203125
2016-01-26,163.09483337402344
2016-01-27,161.31980895996094
2016-01-28,162.16015625
2016-01-29,166.11317443847656
2016-02-01,166.0531463623047
2016-02-02,163.06053161621094
2016-02-03,164.0381317138672
2016-02-04,164.29530334472656
2016-02-05,161.16543579101562
2016-02-08,158.99606323242188
2016-02-09,159.00460815429688
2016-02-10,158.8673858642578
2016-02-11,156.8008270263672
2016-02-12,160.03358459472656
2016-02-16,162.73468017578125
2016-02-17,165.39288330078125
2016-02-18,164.71546936035156
2016-02-19,164.63832092285156
2016-02-22,167.02215576171875
2016-02-23,164.91268920898438
2016-02-24,165.6673126220703
2016-02-25,167.67379760742188
2016-02-26,167.28790283203125
2016-02-29,165.9759979248047
2016-03-01,169.8775634765625
2016-03-02,170.6407470703125
2016-03-03,171.3096160888672
2016-03-04,171.86697387695312
2016-03-07,172.00416564941406
2016-03-08,170.12623596191406
2016-03-09,170.966552734375
2016-03-10,171.10377502441406
2016-03-11,173.86489868164062
2016-03-14,173.6419677734375
2016-03-15,173.3589630126953
2016-03-16,174.3622283935547
2016-03-17,175.46844482421875
2016-03-18,176.157958984375
2016-03-21,176.40789794921875
2016-03-22,176.31314086914062
2016-03-23,175.1495361328125
2016-03-24,175.07192993164062
2016-03-28,175.1753387451172
2016-03-29,176.7957763671875
2016-03-30,177.57150268554688
2016-03-31,177.14056396484375
2016-04-01,178.34719848632812
2016-04-04,177.7697296142578
2016-04-05,175.99417114257812
2016-04-06,177.91624450683594
2016-04-07,175.78733825683594
2016-04-08,176.26141357421875
2016-04-11,175.84768676757812
2016-04-12,177.48532104492188
2016-04-13,179.278076171875
2016-04-14,179.2866973876953
2016-04-15,179.0884246826172
2016-04-18,180.34683227539062
2016-04-19,180.915771484375
2016-04-20,181.0880889892578
2016-04-21,180.1141357421875
2016-04-22,180.1141357421875
2016-04-25,179.80386352539062
2016-04-26,180.071044921875
2016-04-27,180.44166564941406
2016-04-28,178.8040313720703
2016-04-29,177.83868408203125
2016-05-02,179.2522430419922
2016-05-03,177.69215393066406
2016-05-04,176.700927734375
2016-05-05,176.66651916503906
2016-05-06,177.31289672851562
2016-05-09,177.4594268798828
2016-05-10,179.66592407226562
2016-05-11,177.9851837158203
2016-05-12,178.03695678710938
2016-05-13,176.48548889160156
2016-05-16,178.22657775878906
2016-05-17,176.56304931640625
2016-05-18,176.61473083496094
2016-05-19,176.00277709960938
2016-05-20,177.1147003173828
2016-05-23,176.8733367919922
2016-05-24,179.16600036621094
2016-05-25,180.38131713867188
2016-05-26,180.4330596923828
2016-05-27,181.20875549316406
2016-05-31,180.86398315429688
2016-06-01,181.23468017578125
2016-06-02,181.78627014160156
2016-06-03,181.24325561523438
2016-06-06,182.1654815673828
2016-06-07,182.44992065429688
2016-06-08,183.04464721679688
2016-06-09,182.79469299316406
2016-06-10,181.06224060058594
2016-06-13,179.66592407226562
2016-06-14,179.31256103515625
2016-06-15,179.0626220703125
2016-06-16,179.59693908691406
2016-06-17,178.9281463623047
2016-06-20,180.0804443359375
2016-06-21,180.59164428710938
2016-06-22,180.2969970703125
2016-06-23,182.6449737548828
2016-06-24,176.08636474609375
2016-06-27,172.93272399902344
2016-06-28,176.05169677734375
2016-06-29,179.04945373535156
2016-06-30,181.49264526367188
2016-07-01,181.8739013671875
2016-07-05,180.56564331054688
2016-07-06,181.64862060546875
2016-07-07,181.5359649658203
2016-07-08,184.2391357421875
2016-07-11,184.88894653320312
2016-07-12,186.23190307617188
2016-07-13,186.20584106445312
2016-07-14,187.2455596923828
2016-07-15,186.99427795410156
2016-07-18,187.49676513671875
2016-07-19,187.30615234375
2016-07-20,188.08595275878906
2016-07-21,187.37550354003906
2016-07-22,188.2158966064453
2016-07-25,187.70472717285156
2016-07-26,187.79135131835938
2016-07-27,187.5920867919922
2016-07-28,187.8086700439453
2016-07-29,188.1118927001953
2016-08-01,187.9559783935547
2016-08-02,186.75167846679688
2016-08-03,187.29751586914062
2016-08-04,187.49676513671875
2016-08-05,189.0303192138672
2016-08-08,188.9176788330078
2016-08-09,189.0303192138672
2016-08-10,188.56246948242188
2016-08-11,189.4375457763672
2016-08-12,189.27291870117188
2016-08-15,189.81874084472656
2016-08-16,188.83966064453125
2016-08-17,189.19491577148438
2016-08-18,189.61941528320312
2016-08-19,189.34225463867188
2016-08-22,189.3335418701172
2016-08-23,189.7147674560547
2016-08-24,188.74440002441406
2016-08-25,188.61444091796875
2016-08-26,188.25914001464844
2016-08-29,189.1862335205078
2016-08-30,188.87432861328125
2016-08-31,188.3372039794922
2016-09-01,188.34585571289062
2016-09-02,189.19491577148438
2016-09-06,189.76670837402344
2016-09-07,189.74940490722656
2016-09-08,189.3162078857422
2016-09-09,184.78494262695312
2016-09-12,187.4361572265625
2016-09-13,184.74160766601562
2016-09-14,184.67233276367188
2016-09-15,186.5177764892578
2016-09-16,185.79673767089844
2016-09-19,185.8316192626953
2016-09-20,185.8402862548828
2016-09-21,187.93014526367188
2016-09-22,189.11441040039062
2016-09-23,188.0782012939453
2016-09-26,186.5543212890625
2016-09-27,187.71246337890625
2016-09-28,188.64419555664062
2016-09-29,186.93748474121094
2016-09-30,188.34812927246094
2016-10-03,187.8953094482422
2016-10-04,186.93748474121094
2016-10-05,187.76467895507812
2016-10-06,187.8953094482422
2016-10-07,187.2509307861328
2016-10-10,188.22621154785156
2016-10-11,185.84901428222656
2016-10-12,186.09283447265625
2016-10-13,185.48329162597656
2016-10-14,185.57907104492188
2016-10-17,184.93467712402344
2016-10-18,186.09283447265625
2016-10-19,186.58914184570312
2016-10-20,186.2408447265625
2016-10-21,186.3279266357422
2016-10-24,187.120361328125
2016-10-25,186.4933624267578
2016-10-26,186.1189422607422
2016-10-27,185.6226043701172
2016-10-28,185.0740203857422
2016-10-31,185.0827178955078
2016-11-01,183.74171447753906
2016-11-02,182.63587951660156
2016-11-03,181.7999267578125
2016-11-04,181.5996551513672
2016-11-07,185.6051788330078
2016-11-08,186.441162109375
2016-11-09,188.41781616210938
2016-11-10,188.8880157470703
2016-11-11,188.4525909423828
2016-11-14,188.60067749023438
2016-11-15,190.07223510742188
2016-11-16,189.71517944335938
2016-11-17,190.69049072265625
2016-11-18,190.2638702392578
2016-11-21,191.70059204101562
2016-11-22,192.07504272460938
2016-11-23,192.1795196533203
2016-11-25,192.89361572265625
2016-11-28,191.98794555664062
2016-11-29,192.3623809814453
2016-11-30,191.90087890625
2016-12-01,191.19554138183594
2016-12-02,191.2913360595703
2016-12-05,192.4407196044922
2016-12-06,193.05029296875
2016-12-07,195.57553100585938
2016-12-08,196.0544891357422
2016-12-09,197.2387237548828
2016-12-12,197.01231384277344
2016-12-13,198.3271484375
2016-12-14,196.69009399414062
2016-12-15,197.4999542236328
2016-12-16,197.11367797851562
2016-12-19,197.54287719726562
2016-12-20,198.3048858642578
2016-12-21,197.75308227539062
2016-12-22,197.41146850585938
2016-12-23,197.70053100585938
2016-12-27,198.19107055664062
2016-12-28,196.55307006835938
2016-12-29,196.50930786132812
2016-12-30,195.7910614013672
2017-01-03,197.28884887695312
2017-01-04,198.4625701904297
2017-01-05,198.3048858642578
2017-01-06,199.014404296875
2017-01-09,198.3574981689453
2017-01-10,198.3574981689453
2017-01-11,198.9180450439453
2017-01-12,198.41876220703125
2017-01-13,198.874267578125
2017-01-17,198.1735076904297
2017-01-18,198.61146545410156
2017-01-19,197.875732421875
2017-01-20,198.60272216796875
2017-01-23,198.08592224121094
2017-01-24,199.35601806640625
2017-01-25,201.08154296875
2017-01-26,200.8712921142578
2017-01-27,200.5559844970703
2017-01-30,199.31219482421875
2017-01-31,199.294677734375
2017-02-01,199.37350463867188
2017-02-02,199.5048828125
2017-02-03,200.88006591796875
2017-02-06,200.52096557617188
2017-02-07,200.52969360351562
2017-02-08,200.79248046875
2017-02-09,201.98370361328125
2017-02-10,202.78076171875
2017-02-13,203.8843994140625
2017-02-14,204.69900512695312
2017-02-15,205.76763916015625
2017-02-16,205.5924072265625
2017-02-17,205.91653442382812
2017-02-21,207.1427764892578
2017-02-22,206.9588623046875
2017-02-23,207.09898376464844
2017-02-24,207.36175537109375
2017-02-27,207.68585205078125
2017-02-28,207.12530517578125
2017-03-01,210.02452087402344
2017-03-02,208.701904296875
2017-03-03,208.83323669433594
2017-03-06,208.21142578125
2017-03-07,207.58946228027344
2017-03-08,207.20408630371094
2017-03-09,207.46690368652344
2017-03-10,208.19387817382812
2017-03-13,208.29901123046875
2017-03-14,207.5018768310547
2017-03-15,209.29750061035156
2017-03-16,208.88580322265625
2017-03-17,208.5189971923828
2017-03-20,208.29022216796875
2017-03-21,205.61593627929688
2017-03-22,206.09976196289062
2017-03-23,205.87982177734375
2017-03-24,205.73033142089844
2017-03-27,205.51913452148438
2017-03-28,207.01466369628906
2017-03-29,207.2082061767578
2017-03-30,207.86798095703125
2017-03-31,207.38414001464844
2017-04-03,207.02349853515625
2017-04-04,207.1554412841797
2017-04-05,206.53964233398438
2017-04-06,207.12026977539062
2017-04-07,206.90908813476562
2017-04-10,207.03225708007812
2017-04-11,206.78594970703125
2017-04-12,205.87982177734375
2017-04-13,204.54266357421875
2017-04-17,206.35491943359375
2017-04-18,205.73910522460938
2017-04-19,205.36087036132812
2017-04-20,207.03225708007812
2017-04-21,206.3724822998047
2017-04-24,208.6421661376953
2017-04-25,209.85614013671875
2017-04-26,209.72421264648438
2017-04-27,209.90016174316406
2017-04-28,209.44268798828125
2017-05-01,209.97048950195312
2017-05-02,210.04969787597656
2017-05-03,209.7946014404297
2017-05-04,210.04087829589844
2017-05-05,210.86781311035156
2017-05-08,210.83267211914062
2017-05-09,210.63912963867188
2017-05-10,211.0174102783203
2017-05-11,210.5863494873047
2017-05-12,210.2344207763672
2017-05-15,211.3956756591797
2017-05-16,211.20211791992188
2017-05-17,207.4545135498047
2017-05-18,208.29022216796875
2017-05-19,209.64500427246094
2017-05-22,210.70950317382812
2017-05-23,211.17575073242188
2017-05-24,211.6683807373047
2017-05-25,212.68003845214844
2017-05-26,212.63607788085938
2017-05-30,212.45130920410156
2017-05-31,212.39854431152344
2017-06-01,214.0875701904297
2017-06-02,214.80020141601562
2017-06-05,214.64186096191406
2017-06-06,213.95567321777344
2017-06-07,214.35145568847656
2017-06-08,214.4571075439453
2017-06-09,214.131591796875
2017-06-12,214.0875701904297
2017-06-13,215.13449096679688
2017-06-14,214.86178588867188
2017-06-15,214.44827270507812
2017-06-16,214.49513244628906
2017-06-19,216.2808074951172
2017-06-20,214.82217407226562
2017-06-21,214.76914978027344
2017-06-22,214.67193603515625
2017-06-23,214.9282684326172
2017-06-26,215.06971740722656
2017-06-27,213.3371124267578
2017-06-28,215.24649047851562
2017-06-29,213.35476684570312
2017-06-30,213.75259399414062
2017-07-03,214.1150360107422
2017-07-05,214.6100616455078
2017-07-06,212.64752197265625
2017-07-07,214.026611328125
2017-07-10,214.25645446777344
2017-07-11,214.09732055664062
2017-07-12,215.70620727539062
2017-07-13,216.06871032714844
2017-07-14,217.07643127441406
2017-07-17,217.0498809814453
2017-07-18,217.164794921875
2017-07-19,218.34056091308594
2017-07-20,218.43780517578125
2017-07-21,218.2433319091797
2017-07-24,218.1903076171875
2017-07-25,218.72071838378906
2017-07-26,218.72952270507812
2017-07-27,218.5261993408203
2017-07-28,218.26988220214844
2017-07-31,218.14608764648438
2017-08-01,218.63229370117188
2017-08-02,218.73837280273438
2017-08-03,218.31407165527344
2017-08-04,218.7118377685547
2017-08-07,219.1184539794922
2017-08-08,218.5792236328125
2017-08-09,218.57040405273438
2017-08-10,215.48521423339844
2017-08-11,215.80348205566406
2017-08-14,217.94277954101562
2017-08-15,217.9162139892578
2017-08-16,218.29638671875
2017-08-17,214.8928985595703
2017-08-18,214.5569610595703
2017-08-21,214.7249755859375
2017-08-22,216.97036743164062
2017-08-23,216.19241333007812
2017-08-24,215.6885528564453
2017-08-25,216.19241333007812
2017-08-28,216.2012481689453
2017-08-29,216.4488067626953
2017-08-30,217.47421264648438
2017-08-31,218.78256225585938
2017-09-01,219.09193420410156
2017-09-05,217.5184783935547
2017-09-06,218.26100158691406
2017-09-07,218.23448181152344
2017-09-08,217.97811889648438
2017-09-11,220.30307006835938
2017-09-12,221.0456085205078
2017-09-13,221.15167236328125
2017-09-14,221.0809783935547
2017-09-15,221.37860107421875
2017-09-18,221.8494415283203
2017-09-19,222.0715789794922
2017-09-20,222.15151977539062
2017-09-21,221.55621337890625
2017-09-22,221.6006622314453
2017-09-25,221.14761352539062
2017-09-26,221.28086853027344
2017-09-27,222.14260864257812
2017-09-28,222.40911865234375
2017-09-29,223.19088745117188
2017-10-02,224.15921020507812
2017-10-03,224.63900756835938
2017-10-04,224.905517578125
2017-10-05,226.23812866210938
2017-10-06,225.9804229736328
2017-10-09,225.6073760986328
2017-10-10,226.20257568359375
2017-10-11,226.55792236328125
2017-10-12,226.2203369140625
2017-10-13,226.49575805664062
2017-10-16,226.79776000976562
2017-10-17,226.957763671875
2017-10-18,227.17977905273438
2017-10-19,227.24195861816406
2017-10-20,228.4146270751953
2017-10-23,227.52621459960938
2017-10-24,227.9260711669922
2017-10-25,226.79776000976562
2017-10-26,227.09095764160156
2017-10-27,228.94769287109375
2017-10-30,228.09483337402344
2017-10-31,228.45018005371094
2017-11-01,228.75221252441406
2017-11-02,228.841064453125
2017-11-03,229.60516357421875
2017-11-06,229.96043395996094
2017-11-07,229.800537109375
2017-11-08,230.19142150878906
2017-11-09,229.3563690185547
2017-11-10,229.2852783203125
2017-11-13,229.4984893798828
2017-11-14,228.96548461914062
2017-11-15,227.81944274902344
2017-11-16,229.756103515625
2017-11-17,229.08091735839844
2017-11-20,229.4718475341797
2017-11-21,230.97320556640625
2017-11-22,230.7689666748047
2017-11-24,231.3019256591797
2017-11-27,231.1864776611328
2017-11-28,233.53176879882812
2017-11-29,233.38958740234375
2017-11-30,235.4329833984375
2017-12-01,234.9443359375
2017-12-04,234.66009521484375
2017-12-05,233.81607055664062
2017-12-06,233.86053466796875
2017-12-07,234.59788513183594
2017-12-08,235.877197265625
2017-12-11,236.58790588378906
2017-12-12,237.00540161132812
2017-12-13,236.97869873046875
2017-12-14,236.0104522705078
2017-12-15,237.97579956054688
2017-12-18,239.48484802246094
2017-12-19,238.56507873535156
2017-12-20,238.4401397705078
2017-12-21,238.93113708496094
2017-12-22,238.86874389648438
2017-12-26,238.58294677734375
2017-12-27,238.69906616210938
2017-12-28,239.19015502929688
2017-12-29,238.28823852539062
2018-01-02,239.99375915527344
2018-01-03,241.51177978515625
2018-01-04,242.52967834472656
2018-01-05,244.14596557617188
2018-01-08,244.59242248535156
2018-01-09,245.14608764648438
2018-01-10,244.77102661132812
2018-01-11,246.55685424804688
2018-01-12,248.16412353515625
2018-01-16,247.31581115722656
2018-01-17,249.67318725585938
2018-01-18,249.25350952148438
2018-01-19,250.38758850097656
2018-01-22,252.42347717285156
2018-01-23,252.95925903320312
2018-01-24,252.8609161376953
2018-01-25,252.96817016601562
2018-01-26,255.8969268798828
2018-01-29,254.2003173828125
2018-01-30,251.59300231933594
2018-01-31,251.7179412841797
2018-02-01,251.43226623535156
2018-02-02,245.9586181640625
2018-02-05,235.67196655273438
2018-02-06,240.31527709960938
2018-02-07,239.01161193847656
2018-02-08,230.04653930664062
2018-02-09,233.5021514892578
2018-02-12,236.93101501464844
2018-02-13,237.52035522460938
2018-02-14,240.72598266601562
2018-02-15,243.79766845703125
2018-02-16,243.86911010742188
2018-02-20,242.34219360351562
2018-02-21,241.13674926757812
2018-02-22,241.44927978515625
2018-02-23,245.29788208007812
2018-02-26,248.14627075195312
2018-02-27,245.04782104492188
2018-02-28,242.5654754638672
2018-03-01,239.03836059570312
2018-03-02,240.2705841064453
2018-03-05,243.04766845703125
2018-03-06,243.66366577148438
2018-03-07,243.57449340820312
2018-03-08,244.7531280517578
2018-03-09,249.01246643066406
2018-03-12,248.6998748779297
2018-03-13,247.09268188476562
2018-03-14,245.82469177246094
2018-03-15,245.55682373046875
2018-03-16,245.8230438232422
2018-03-19,242.49697875976562
2018-03-20,242.9093780517578
2018-03-21,242.44317626953125
2018-03-22,236.38279724121094
2018-03-23,231.34442138671875
2018-03-26,237.6737518310547
2018-03-27,233.63050842285156
2018-03-28,232.9401397705078
2018-03-29,235.9166259765625
2018-04-02,230.82443237304688
2018-04-03,233.78289794921875
2018-04-04,236.28414916992188
2018-04-05,238.14892578125
2018-04-06,232.841552734375
2018-04-09,233.9890899658203
2018-04-10,237.70965576171875
2018-04-11,236.46348571777344
2018-04-12,238.40882873535156
2018-04-13,237.70965576171875
2018-04-16,239.66397094726562
2018-04-17,242.2280731201172
2018-04-18,242.4073944091797
2018-04-19,241.06256103515625
2018-04-20,239.01852416992188
2018-04-23,238.98265075683594
2018-04-24,235.76419067382812
2018-04-25,236.34693908691406
2018-04-26,238.7495574951172
2018-04-27,238.9737091064453
2018-04-30,237.13589477539062
2018-05-01,237.55726623535156
2018-05-02,235.96141052246094
2018-05-03,235.44143676757812
2018-05-04,238.48956298828125
2018-05-07,239.29647827148438
2018-05-08,239.29647827148438
2018-05-09,241.6094970703125
2018-05-10,243.86865234375
2018-05-11,244.61277770996094
2018-05-14,244.7293243408203
2018-05-15,243.04379272460938
2018-05-16,244.0658721923828
2018-05-17,243.8596954345703
2018-05-18,243.24996948242188
2018-05-21,245.07891845703125
2018-05-22,244.39759826660156
2018-05-23,245.0699005126953
2018-05-24,244.56796264648438
2018-05-25,243.98513793945312
2018-05-29,241.1791534423828
2018-05-30,244.39759826660156
2018-05-31,242.90045166015625
2018-06-01,245.28514099121094
2018-06-04,246.45057678222656
2018-06-05,246.6299285888672
2018-06-06,248.69186401367188
2018-06-07,248.6649627685547
2018-06-08,249.40008544921875
2018-06-11,249.73187255859375
2018-06-12,250.0545654296875
2018-06-13,249.25668334960938
2018-06-14,249.88424682617188
2018-06-15,249.5654296875
2018-06-18,249.05210876464844
2018-06-19,248.09754943847656
2018-06-20,248.5208740234375
2018-06-21,246.96295166015625
2018-06-22,247.4131317138672
2018-06-25,244.045166015625
2018-06-26,244.58544921875
2018-06-27,242.5592803955078
2018-06-28,243.9460906982422
2018-06-29,244.29733276367188
2018-07-02,244.8196563720703
2018-07-03,243.9551544189453
2018-07-05,245.94534301757812
2018-07-06,248.0255584716797
2018-07-09,250.25885009765625
2018-07-10,251.1593475341797
2018-07-11,249.32232666015625
2018-07-12,251.58261108398438
2018-07-13,251.78074645996094
2018-07-16,251.55564880371094
2018-07-17,252.57322692871094
2018-07-18,253.1045684814453
2018-07-19,252.1500244140625
2018-07-20,251.8618621826172
2018-07-23,252.330078125
2018-07-24,253.5997772216797
2018-07-25,255.7611846923828
2018-07-26,255.15780639648438
2018-07-27,253.42877197265625
2018-07-30,252.10496520996094
2018-07-31,253.34771728515625
2018-08-01,252.92446899414062
2018-08-02,254.30230712890625
2018-08-03,255.39190673828125
2018-08-06,256.3284606933594
2018-08-07,257.1749267578125
2018-08-08,257.0669250488281
2018-08-09,256.7156982421875
2018-08-10,254.99562072753906
2018-08-13,254.0411834716797
2018-08-14,255.66212463378906
2018-08-15,253.7529296875
2018-08-16,255.80616760253906
2018-08-17,256.70672607421875
2018-08-20,257.2560119628906
2018-08-21,257.8594055175781
2018-08-22,257.7062683105469
2018-08-23,257.3640441894531
2018-08-24,258.9129943847656
2018-08-27,260.95721435546875
2018-08-28,261.08331298828125
2018-08-29,262.4881896972656
2018-08-30,261.4254455566406
2018-08-31,261.43450927734375
2018-09-04,260.9842224121094
2018-09-05,260.2818603515625
2018-09-06,259.4983215332031
2018-09-07,258.99407958984375
2018-09-10,259.44427490234375
2018-09-11,260.2998962402344
2018-09-12,260.3629455566406
2018-09-13,261.9027099609375
2018-09-14,261.9478454589844
2018-09-17,260.5610046386719
2018-09-18,261.9748229980469
2018-09-19,262.2540283203125
2018-09-20,264.37921142578125
2018-09-21,264.1377868652344
2018-09-24,263.2602844238281
2018-09-25,263.0160217285156
2018-09-26,262.22906494140625
2018-09-27,262.9618835449219
2018-09-28,262.9888916015625
2018-10-01,263.902587890625
2018-10-02,263.748779296875
2018-10-03,263.8934631347656
2018-10-04,261.83099365234375
2018-10-05,260.36541748046875
2018-10-08,260.36541748046875
2018-10-09,259.9855651855469
2018-10-10,251.7536163330078
2018-10-11,246.20828247070312
2018-10-12,249.6277618408203
2018-10-15,248.2256317138672
2018-10-16,253.6532440185547
2018-10-17,253.698486328125
2018-10-18,250.0348663330078
2018-10-19,249.89910888671875
2018-10-22,248.77728271484375
2018-10-23,247.5108642578125
2018-10-24,240.01168823242188
2018-10-25,244.31765747070312
2018-10-26,240.02072143554688
2018-10-29,238.69097900390625
2018-10-30,242.22802734375
2018-10-31,244.81520080566406
2018-11-01,247.42047119140625
2018-11-02,245.95497131347656
2018-11-05,247.3119659423828
2018-11-06,248.8769073486328
2018-11-07,254.205078125
2018-11-08,253.74366760253906
2018-11-09,251.26512145996094
2018-11-12,246.57017517089844
2018-11-13,246.10887145996094
2018-11-14,244.42628479003906
2018-11-15,246.97720336914062
2018-11-16,247.61949157714844
2018-11-19,243.43116760253906
2018-11-20,238.92616271972656
2018-11-21,239.7403106689453
2018-11-23,238.13914489746094
2018-11-26,241.9838104248047
2018-11-27,242.7979278564453
2018-11-28,248.38841247558594
2018-11-29,247.84564208984375
2018-11-30,249.3563690185547
2018-12-03,252.658203125
2018-12-04,244.4714813232422
2018-12-06,244.10060119628906
2018-12-07,238.4286651611328
2018-12-10,238.88096618652344
2018-12-11,238.9351806640625
2018-12-12,240.13833618164062
2018-12-13,240.05690002441406
2018-12-14,235.6243133544922
2018-12-17,231.00177001953125
2018-12-18,230.7484588623047
2018-12-19,227.29290771484375
2018-12-20,223.593017578125
2018-12-21,219.01162719726562
2018-12-24,213.22476196289062
2018-12-26,223.99790954589844
2018-12-27,225.71762084960938
2018-12-28,225.4264373779297
2018-12-31,227.40090942382812
2019-01-02,227.637451171875
2019-01-03,222.20541381835938
2019-01-04,229.6483612060547
2019-01-07,231.4590301513672
2019-01-08,233.6336669921875
2019-01-09,234.72557067871094
2019-01-10,235.55355834960938
2019-01-11,235.64454650878906
2019-01-14,234.20692443847656
2019-01-15,236.8911895751953
2019-01-16,237.46434020996094
2019-01-17,239.2659454345703
2019-01-18,242.45053100585938
2019-01-22,239.1749725341797
2019-01-23,239.6753692626953
2019-01-24,239.80274963378906
2019-01-25,241.8318328857422
2019-01-28,239.99383544921875
2019-01-29,239.6753692626953
2019-01-30,243.46966552734375
2019-01-31,245.60784912109375
2019-02-01,245.72616577148438
2019-02-04,247.45501708984375
2019-02-05,248.49227905273438
2019-02-06,248.16468811035156
2019-02-07,245.79904174804688
2019-02-08,246.09925842285156
2019-02-11,246.23574829101562
2019-02-12,249.40220642089844
2019-02-13,250.21200561523438
2019-02-14,249.6569061279297
2019-02-15,252.3774871826172
2019-02-19,252.81434631347656
2019-02-20,253.3238983154297
2019-02-21,252.4229736328125
2019-02-22,253.98806762695312
2019-02-25,254.33383178710938
2019-02-26,254.15187072753906
2019-02-27,254.0426483154297
2019-02-28,253.5695343017578
2019-03-01,255.1527557373047
2019-03-04,254.22463989257812
2019-03-05,253.8788299560547
2019-03-06,252.34109497070312
2019-03-07,250.2301025390625
2019-03-08,249.72970581054688
2019-03-11,253.35101318359375
2019-03-12,254.3065185546875
2019-03-13,255.98976135253906
2019-03-14,255.82603454589844
2019-03-15,257.09002685546875
2019-03-18,258.0221252441406
2019-03-19,258.086181640625
2019-03-20,257.3092956542969
2019-03-21,260.21551513671875
2019-03-22,255.20733642578125
2019-03-25,255.015380859375
2019-03-26,256.9163513183594
2019-03-27,255.57290649414062
2019-03-28,256.54156494140625
2019-03-29,258.1591491699219
2019-04-01,261.2207336425781
2019-04-02,261.3487548828125
2019-04-03,261.75994873046875
2019-04-04,262.4546203613281
2019-04-05,263.7248840332031
2019-04-08,263.9259033203125
2019-04-09,262.5733642578125
2019-04-10,263.46893310546875
2019-04-11,263.3958740234375
2019-04-12,265.1780700683594
2019-04-15,265.00433349609375
2019-04-16,265.1780700683594
2019-04-17,264.5290832519531
2019-04-18,265.0501403808594
2019-04-22,265.27850341796875
2019-04-23,267.6637878417969
2019-04-24,267.06976318359375
2019-04-25,266.9053039550781
2019-04-26,268.1481628417969
2019-04-29,268.5685119628906
2019-04-30,268.70562744140625
2019-05-01,266.6860046386719
2019-05-02,266.11016845703125
2019-05-03,268.71484375
2019-05-06,267.6090393066406
2019-05-07,263.1400146484375
2019-05-08,262.7743835449219
2019-05-09,261.97930908203125
2019-05-10,263.2952880859375
2019-05-13,256.6787109375
2019-05-14,258.9999694824219
2019-05-15,260.51708984375
2019-05-16,262.9298095703125
2019-05-17,261.2298889160156
2019-05-20,259.5026550292969
2019-05-21,261.8421325683594
2019-05-22,261.03802490234375
2019-05-23,257.84857177734375
2019-05-24,258.4333190917969
2019-05-28,256.0298156738281
2019-05-29,254.3116912841797
2019-05-30,255.0062255859375
2019-05-31,251.5699920654297
2019-06-03,250.93026733398438
2019-06-04,256.3772277832031
2019-06-05,258.597900390625
2019-06-06,260.2794494628906
2019-06-07,262.8840637207031
2019-06-10,264.0904541015625
2019-06-11,264.0264587402344
2019-06-12,263.560302734375
2019-06-13,264.64788818359375
2019-06-14,264.35540771484375
2019-06-17,264.45599365234375
2019-06-18,267.2251281738281
2019-06-19,267.8283386230469
2019-06-20,270.38720703125
2019-06-21,269.9942626953125
2019-06-24,269.6636047363281
2019-06-25,267.0187683105469
2019-06-26,266.75250244140625
2019-06-27,267.6983642578125
2019-06-28,269.07586669921875
2019-07-01,271.5187072753906
2019-07-02,272.2257385253906
2019-07-03,274.4022216796875
2019-07-05,274.0899658203125
2019-07-08,272.58392333984375
2019-07-09,272.9237365722656
2019-07-10,274.2277526855469
2019-07-11,274.8705749511719
2019-07-12,276.1011962890625
2019-07-15,276.1929931640625
2019-07-16,275.3022766113281
2019-07-17,273.4288330078125
2019-07-18,274.42974853515625
2019-07-19,272.9053649902344
2019-07-22,273.5757141113281
2019-07-23,275.53179931640625
2019-07-24,276.8266906738281
2019-07-25,275.5042419433594
2019-07-26,277.3501281738281
2019-07-29,276.84503173828125
2019-07-30,276.16552734375
2019-07-31,273.14410400390625
2019-08-01,270.7655029296875
2019-08-02,268.72686767578125
2019-08-05,260.64544677734375
2019-08-06,264.30035400390625
2019-08-07,264.4565124511719
2019-08-08,269.6452331542969
2019-08-09,267.8085632324219
2019-08-12,264.54833984375
2019-08-13,268.6626281738281
2019-08-14,260.7189025878906
2019-08-15,261.40765380859375
2019-08-16,265.2646789550781
2019-08-19,268.4605407714844
2019-08-20,266.4034423828125
2019-08-21,268.57080078125
2019-08-22,268.48809814453125
2019-08-23,261.59130859375
2019-08-26,264.4841003417969
2019-08-27,263.4464111328125
2019-08-28,265.30145263671875
2019-08-29,268.6902160644531
2019-08-30,268.57080078125
2019-09-03,267.00042724609375
2019-09-04,270.0309143066406
2019-09-05,273.5022888183594
2019-09-06,273.7135314941406
2019-09-09,273.85125732421875
2019-09-10,273.7869873046875
2019-09-11,275.7337951660156
2019-09-12,276.6889343261719
2019-09-13,276.5052490234375
2019-09-16,275.6512145996094
2019-09-17,276.3492126464844
2019-09-18,276.51446533203125
2019-09-19,276.49609375
2019-09-20,275.1896667480469
2019-09-23,275.1251220703125
2019-09-24,272.9662170410156
2019-09-25,274.5808410644531
2019-09-26,274.0088195800781
2019-09-27,272.53265380859375
2019-09-30,273.7965087890625
2019-10-01,270.53985595703125
2019-10-02,265.76080322265625
2019-10-03,267.93817138671875
2019-10-04,271.56396484375
2019-10-07,270.3922119140625
2019-10-08,266.1944580078125
2019-10-09,268.7222900390625
2019-10-10,270.53985595703125
2019-10-11,273.344482421875
2019-10-14,273.04010009765625
2019-10-15,275.7432556152344
2019-10-16,275.30035400390625
2019-10-17,276.1122741699219
2019-10-18,274.9036560058594
2019-10-21,276.76727294921875
2019-10-22,275.86322021484375
2019-10-23,276.6658935546875
2019-10-24,277.1178894042969
2019-10-25,278.252685546875
2019-10-28,279.8210754394531
2019-10-29,279.7380676269531
2019-10-30,280.5960998535156
2019-10-31,279.84881591796875
2019-11-01,282.4412536621094
2019-11-04,283.5760192871094
2019-11-05,283.2623291015625
2019-11-06,283.326904296875
2019-11-07,284.3232727050781
2019-11-08,285.0245361328125
2019-11-11,284.48016357421875
2019-11-12,285.079833984375
2019-11-13,285.172119140625
2019-11-14,285.5872497558594
2019-11-15,287.6539306640625
2019-11-18,287.8660888671875
2019-11-19,287.7830810546875
2019-11-20,286.7128601074219
2019-11-21,286.2515869140625
2019-11-22,286.8881530761719
2019-11-25,289.1116027832031
2019-11-26,289.7666320800781
2019-11-27,291.0581970214844
2019-11-29,289.978759765625
2019-12-02,287.5155334472656
2019-12-03,285.5872497558594
2019-12-04,287.3493957519531
2019-12-05,287.8660888671875
2019-12-06,290.4954833984375
2019-12-09,289.5820617675781
2019-12-10,289.25921630859375
2019-12-11,290.0802917480469
2019-12-12,292.58056640625
2019-12-13,292.7558288574219
2019-12-16,294.7669982910156
2019-12-17,294.8316345214844
2019-12-18,294.85003662109375
2019-12-19,296.05865478515625
2019-12-20,297.35662841796875
2019-12-23,297.81085205078125
2019-12-24,297.8201904296875
2019-12-26,299.40557861328125
2019-12-27,299.3314208984375
2019-12-30,297.68115234375
2019-12-31,298.4043273925781
2020-01-02,301.1949157714844
2020-01-03,298.9141845703125
2020-01-06,300.0545349121094
2020-01-07,299.2109069824219
2020-01-08,300.8055725097656
2020-01-09,302.84515380859375
2020-01-10,301.9737243652344
2020-01-13,304.0504455566406
2020-01-14,303.5868835449219
2020-01-15,304.27301025390625
2020-01-16,306.80401611328125
2020-01-17,307.7590026855469
2020-01-21,307.1563720703125
2020-01-22,307.19342041015625
2020-01-23,307.5457458496094
2020-01-24,304.8106994628906
2020-01-27,299.9248352050781
2020-01-28,303.0677185058594
2020-01-29,302.8173828125
2020-01-30,303.8001708984375
2020-01-31,298.2838134765625
2020-02-03,300.49957275390625
2020-02-04,305.0796203613281
2020-02-05,308.6026611328125
2020-02-06,309.6410217285156
2020-02-07,307.9907531738281
2020-02-10,310.2899475097656
2020-02-11,310.8277893066406
2020-02-12,312.830322265625
2020-02-13,312.4965515136719
2020-02-14,312.9972229003906
2020-02-18,312.19061279296875
2020-02-19,313.6833190917969
2020-02-20,312.3946533203125
2020-02-21,309.177490234375
2020-02-24,298.9234924316406
2020-02-25,289.86541748046875
2020-02-26,288.7992248535156
2020-02-27,275.8288269042969
2020-02-28,274.6698913574219
2020-03-02,286.5648498535156
2020-03-03,278.3597717285156
2020-03-04,290.0601501464844
2020-03-05,280.4180908203125
2020-03-06,275.7823791503906
2020-03-09,254.24537658691406
2020-03-10,267.4012451171875
2020-03-11,254.3658447265625
2020-03-12,230.02883911132812
2020-03-13,249.69313049316406
2020-03-16,222.3708038330078
2020-03-17,234.37705993652344
2020-03-18,222.50987243652344
2020-03-19,222.9827117919922
2020-03-20,213.37344360351562
2020-03-23,207.91786193847656
2020-03-24,226.75588989257812
2020-03-25,230.1504669189453
2020-03-26,243.5889129638672
2020-03-27,236.33346557617188
2020-03-30,244.00857543945312
2020-03-31,240.37152099609375
2020-04-01,229.55357360839844
2020-04-02,234.8506622314453
2020-04-03,231.45608520507812
2020-04-06,247.00213623046875
2020-04-07,247.25393676757812
2020-04-08,255.55384826660156
2020-04-09,259.4426574707031
2020-04-13,257.0739440917969
2020-04-14,264.6557922363281
2020-04-15,259.0323486328125
2020-04-16,260.2820129394531
2020-04-17,267.3136291503906
2020-04-20,262.6040954589844
2020-04-21,254.6305694580078
2020-04-22,260.2820129394531
2020-04-23,260.2633361816406
2020-04-24,263.89105224609375
2020-04-27,267.6960144042969
2020-04-28,266.4649658203125
2020-04-29,273.44061279296875
2020-04-30,270.8948059082031
2020-05-01,263.72320556640625
2020-05-04,264.4506530761719
2020-05-05,266.8939514160156
2020-05-06,265.0848083496094
2020-05-07,268.2834777832031
2020-05-08,272.7225646972656
2020-05-11,272.7785339355469
2020-05-12,267.3415832519531
2020-05-13,262.6134338378906
2020-05-14,265.75616455078125
2020-05-15,266.97796630859375
2020-05-18,275.1099853515625
2020-05-19,272.2843322753906
2020-05-20,276.90985107421875
2020-05-21,274.9980773925781
2020-05-22,275.5202331542969
2020-05-26,278.9148254394531
2020-05-27,283.0649108886719
2020-05-28,282.5425720214844
2020-05-29,283.80157470703125
2020-06-01,284.94866943359375
2020-06-02,287.3080749511719
2020-06-03,291.1316223144531
2020-06-04,290.36688232421875
2020-06-05,297.808837890625
2020-06-08,301.4085998535156
2020-06-09,299.1611328125
2020-06-10,297.4918518066406
2020-06-11,280.341796875
2020-06-12,283.6990051269531
2020-06-15,286.3475341796875
2020-06-16,291.85906982421875
2020-06-17,290.64666748046875
2020-06-18,290.7585754394531
2020-06-19,289.09698486328125
2020-06-22,290.9515686035156
2020-06-23,292.29095458984375
2020-06-24,284.8350524902344
2020-06-25,287.888671875
2020-06-26,281.05078125
2020-06-29,285.1816101074219
2020-06-30,288.83465576171875
2020-07-01,290.85784912109375
2020-07-02,292.4596252441406
2020-07-06,296.974365234375
2020-07-07,293.9114685058594
2020-07-08,296.15948486328125
2020-07-09,294.4734802246094
2020-07-10,297.48016357421875
2020-07-13,294.9044494628906
2020-07-14,298.7259826660156
2020-07-15,301.470458984375
2020-07-16,300.4776306152344
2020-07-17,301.3487243652344
2020-07-20,303.78411865234375
2020-07-21,304.4304504394531
2020-07-22,306.1632385253906
2020-07-23,302.5101318359375
2020-07-24,300.5619201660156
2020-07-27,302.7537536621094
2020-07-28,300.83355712890625
2020-07-29,304.53338623046875
2020-07-30,303.44683837890625
2020-07-31,305.8447265625
2020-08-03,307.9710388183594
2020-08-04,309.16070556640625
2020-08-05,311.08087158203125
2020-08-06,313.1602478027344
2020-08-07,313.3851013183594
2020-08-10,314.32171630859375
2020-08-11,311.7270812988281
2020-08-12,316.07330322265625
2020-08-13,315.5018615722656
2020-08-14,315.51129150390625
2020-08-17,316.5135192871094
2020-08-18,317.19732666015625
2020-08-19,315.8766174316406
2020-08-20,316.86016845703125
2020-08-21,317.984130859375
2020-08-24,321.20623779296875
2020-08-25,322.330322265625
2020-08-26,325.5618896484375
2020-08-27,326.27374267578125
2020-08-28,328.3813171386719
2020-08-31,327.19171142578125
2020-09-01,330.2734069824219
2020-09-02,335.05047607421875
2020-09-03,323.51995849609375
2020-09-04,320.87847900390625
2020-09-08,312.1112060546875
2020-09-09,318.2745056152344
2020-09-10,312.74810791015625
2020-09-11,312.9073791503906
2020-09-14,317.0287780761719
2020-09-15,318.6305236816406
2020-09-16,317.365966796875
2020-09-17,314.57464599609375
2020-09-18,310.9530029296875
2020-09-21,307.49224853515625
2020-09-22,310.6238708496094
2020-09-23,303.4201965332031
2020-09-24,304.22900390625
2020-09-25,309.1474304199219
2020-09-28,314.28216552734375
2020-09-29,312.5705871582031
2020-09-30,314.9404602050781
2020-10-01,316.9623718261719
2020-10-02,313.9530029296875
2020-10-05,319.5203552246094
2020-10-06,314.97802734375
2020-10-07,320.4607849121094
2020-10-08,323.3008728027344
2020-10-09,326.1879577636719
2020-10-12,331.4355773925781
2020-10-13,329.2726745605469
2020-10-14,327.2036437988281
2020-10-15,326.7992248535156
2020-10-16,326.6018371582031
2020-10-19,321.6363220214844
2020-10-20,322.92474365234375
2020-10-21,322.3135070800781
2020-10-22,324.08148193359375
2020-10-23,325.1817321777344
2020-10-26,319.1723937988281
2020-10-27,318.0721130371094
2020-10-28,307.2007141113281
2020-10-29,310.3229675292969
2020-10-30,307.0878601074219
2020-11-02,310.5298767089844
2020-11-03,316.0125732421875
2020-11-04,323.0751953125
2020-11-05,329.3760986328125
2020-11-06,329.30084228515625
2020-11-09,333.4387512207031
2020-11-10,332.94970703125
2020-11-11,335.42303466796875
2020-11-12,332.16912841796875
2020-11-13,336.7677917480469
2020-11-16,340.9715270996094
2020-11-17,339.1376953125
2020-11-18,335.0562744140625
2020-11-19,336.46685791015625
2020-11-20,334.1628112792969
2020-11-23,336.166015625
2020-11-24,341.58282470703125
2020-11-25,341.0561828613281
2020-11-27,342.0060119628906
2020-11-30,340.49188232421875
2020-12-01,344.2160339355469
2020-12-02,344.9400939941406
2020-12-03,344.8460998535156
2020-12-04,347.8179016113281
2020-12-07,347.1031188964844
2020-12-08,348.11883544921875
2020-12-09,344.99658203125
2020-12-10,344.8836975097656
2020-12-11,344.47930908203125
2020-12-14,342.9370422363281
2020-12-15,347.57330322265625
2020-12-16,348.11883544921875
2020-12-17,350.0654602050781
2020-12-18,348.6676940917969
2020-12-21,347.4210205078125
2020-12-22,346.8355407714844
2020-12-23,347.147216796875
2020-12-24,348.4977111816406
2020-12-28,351.49163818359375
2020-12-29,350.821044921875
2020-12-30,351.3215637207031
2020-12-31,353.10662841796875
2021-01-04,348.2994384765625
2021-01-05,350.6982727050781
2021-01-06,352.794921875
2021-01-07,358.03656005859375
2021-01-08,360.0765686035156
2021-01-11,357.64935302734375
2021-01-12,357.7248840332031
2021-01-13,358.688232421875
2021-01-14,357.4320983886719
2021-01-15,354.8254699707031
2021-01-19,357.61151123046875
2021-01-20,362.5604553222656
2021-01-21,362.89093017578125
2021-01-22,361.6064453125
2021-01-25,363.0326843261719
2021-01-26,362.46600341796875
2021-01-27,353.6071472167969
2021-01-28,356.6482849121094
2021-01-29,349.5083312988281
2021-02-01,355.3260192871094
2021-02-02,360.35040283203125
2021-02-03,360.63372802734375
2021-02-04,364.73260498046875
2021-02-05,366.1681823730469
2021-02-08,368.81256103515625
2021-02-09,368.5670166015625
2021-02-10,368.406494140625
2021-02-11,369.00152587890625
2021-02-12,370.8242492675781
2021-02-16,370.50311279296875
2021-02-17,370.5881652832031
2021-02-18,369.0109558105469
2021-02-19,368.3592224121094
2021-02-22,365.5260314941406
2021-02-23,365.9698181152344
2021-02-24,370.0025939941406
2021-02-25,361.08709716796875
2021-02-26,359.2264709472656
2021-03-01,367.9342346191406
2021-03-02,365.063232421875
2021-03-03,360.2276611328125
2021-03-04,355.76995849609375
2021-03-05,362.31488037109375
2021-03-08,360.510986328125
2021-03-09,365.6581726074219
2021-03-10,367.9342346191406
2021-03-11,371.664794921875
2021-03-12,372.16534423828125
2021-03-15,374.3848571777344
2021-03-16,373.9125671386719
2021-03-17,375.18756103515625
2021-03-18,369.7286682128906
2021-03-19,369.044677734375
2021-03-22,371.99139404296875
2021-03-23,369.0635681152344
2021-03-24,367.18743896484375
2021-03-25,369.2530822753906
2021-03-26,375.2035827636719
2021-03-29,375.0140380859375
2021-03-30,374.0191650390625
2021-03-31,375.53515625
2021-04-01,379.590576171875
2021-04-05,385.0389099121094
2021-04-06,384.8115234375
2021-04-07,385.25689697265625
2021-04-08,387.0855712890625
2021-04-09,389.8997497558594
2021-04-12,390.0418395996094
2021-04-13,391.19781494140625
2021-04-14,389.8619384765625
2021-04-15,394.0499267578125
2021-04-16,395.3670349121094
2021-04-19,393.424560546875
2021-04-20,390.5440673828125
2021-04-21,394.239501953125
2021-04-22,390.6388244628906
2021-04-23,394.8742980957031
2021-04-26,395.69866943359375
2021-04-27,395.61334228515625
2021-04-28,395.4996032714844
2021-04-29,398.0201110839844
2021-04-30,395.4048767089844
2021-05-03,396.2576904296875
2021-05-04,393.81304931640625
2021-05-05,393.9363098144531
2021-05-06,397.08203125
2021-05-07,399.9720458984375
2021-05-10,396.0113830566406
2021-05-11,392.4770202636719
2021-05-12,384.1387634277344
2021-05-13,388.7532043457031
2021-05-14,394.72271728515625
2021-05-17,393.71832275390625
2021-05-18,390.32623291015625
2021-05-19,389.30279541015625
2021-05-20,393.49090576171875
2021-05-21,393.1687316894531
2021-05-24,397.17681884765625
2021-05-25,396.2956237792969
2021-05-26,397.08203125
2021-05-27,397.29052734375
2021-05-28,398.0011901855469
2021-06-01,397.6506042480469
2021-06-02,398.2759094238281
2021-06-03,396.7977294921875
2021-06-04,400.4267883300781
2021-06-07,400.0383605957031
2021-06-08,400.12359619140625
2021-06-09,399.52667236328125
2021-06-10,401.38385009765625
2021-06-11,402.04705810546875
2021-06-14,402.9472961425781
2021-06-15,402.2082214355469
2021-06-16,399.9625549316406
2021-06-17,399.8298645019531
2021-06-18,394.43597412109375
2021-06-21,400.08270263671875
2021-06-22,402.2216796875
2021-06-23,401.73681640625
2021-06-24,404.11346435546875
2021-06-25,405.5489196777344
2021-06-28,406.3664245605469
2021-06-29,406.58514404296875
2021-06-30,406.9273376464844
2021-07-01,409.1803283691406
2021-07-02,412.307861328125
2021-07-06,411.5568542480469
2021-07-07,413.0113830566406
2021-07-08,409.6461486816406
2021-07-09,414.01910400390625
2021-07-12,415.50201416015625
2021-07-13,414.0855407714844
2021-07-14,414.7034606933594
2021-07-15,413.28704833984375
2021-07-16,410.0453796386719
2021-07-19,403.98992919921875
2021-07-20,409.7792053222656
2021-07-21,413.09686279296875
2021-07-22,413.96197509765625
2021-07-23,418.2208251953125
2021-07-26,419.2475280761719
2021-07-27,417.33673095703125
2021-07-28,417.16558837890625
2021-07-29,418.89581298828125
2021-07-30,416.8614196777344
2021-08-02,415.9868469238281
2021-08-03,419.37109375
2021-08-04,417.3081970214844
2021-08-05,419.9509582519531
2021-08-06,420.6448669433594
2021-08-09,420.302734375
2021-08-10,420.8255615234375
2021-08-11,421.8712463378906
2021-08-12,423.1355895996094
2021-08-13,423.9056396484375
2021-08-16,424.9037780761719
2021-08-17,422.118408203125
2021-08-18,417.498291015625
2021-08-19,418.1448059082031
2021-08-20,421.4719543457031
2021-08-23,425.179443359375
2021-08-24,425.8544006347656
2021-08-25,426.7480163574219
2021-08-26,424.2288818359375
2021-08-27,428.0218505859375
2021-08-30,429.9041442871094
2021-08-31,429.26708984375
2021-09-01,429.495361328125
2021-09-02,430.8166809082031
2021-09-03,430.71209716796875
2021-09-07,429.17205810546875
2021-09-08,428.6492614746094
2021-09-09,426.8145751953125
2021-09-10,423.4492492675781
2021-09-13,424.5329284667969
2021-09-14,422.2419738769531
2021-09-15,425.7688293457031
2021-09-16,425.0939025878906
2021-09-17,420.95306396484375
2021-09-20,413.9339904785156
2021-09-21,413.5429382324219
2021-09-22,417.57696533203125
2021-09-23,422.65057373046875
2021-09-24,423.3467102050781
2021-09-27,422.13555908203125
2021-09-28,413.6288146972656
2021-09-29,414.3249816894531
2021-09-30,409.2609558105469
2021-10-01,414.12469482421875
2021-10-04,408.7841491699219
2021-10-05,413.0375061035156
2021-10-06,414.75408935546875
2021-10-07,418.3399658203125
2021-10-08,417.57696533203125
2021-10-11,414.5539245605469
2021-10-12,413.533447265625
2021-10-13,415.0211486816406
2021-10-14,422.0020751953125
2021-10-15,425.21600341796875
2021-10-18,426.4748229980469
2021-10-19,429.7650146484375
2021-10-20,431.4530029296875
2021-10-21,432.57843017578125
2021-10-22,432.1300964355469
2021-10-25,434.4475402832031
2021-10-26,434.8385009765625
2021-10-27,432.9120788574219
2021-10-28,437.08917236328125
2021-10-29,437.9761657714844
2021-11-01,438.72955322265625
2021-11-02,440.50341796875
2021-11-03,443.19281005859375
2021-11-04,445.2813415527344
2021-11-05,446.82623291015625
2021-11-08,447.2077941894531
2021-11-09,445.7295837402344
2021-11-10,442.14373779296875
2021-11-11,442.2867736816406
2021-11-12,445.6246337890625
2021-11-15,445.77716064453125
2021-11-16,447.5415344238281
2021-11-17,446.454345703125
2021-11-18,447.9706726074219
2021-11-19,447.1695861816406
2021-11-22,445.9107666015625
2021-11-23,446.5020446777344
2021-11-24,447.69415283203125
2021-11-26,437.7091369628906
2021-11-29,443.07830810546875
2021-11-30,434.45709228515625
2021-12-01,429.6315002441406
2021-12-02,436.21185302734375
2021-12-03,432.4162292480469
2021-12-06,437.5374755859375
2021-12-07,446.587890625
2021-12-08,447.7703857421875
2021-12-09,444.74725341796875
2021-12-10,448.93389892578125
2021-12-13,444.9570617675781
2021-12-14,441.895751953125
2021-12-15,448.8004150390625
2021-12-16,444.8426208496094
2021-12-17,440.10821533203125
2021-12-20,435.4283447265625
2021-12-21,443.1611633300781
2021-12-22,447.5921936035156
2021-12-23,450.377197265625
2021-12-27,456.75091552734375
2021-12-28,456.3777160644531
2021-12-29,456.9615478515625
2021-12-30,455.6982116699219
2021-12-31,454.5497741699219
2022-01-03,457.18157958984375
2022-01-04,457.0284423828125
2022-01-05,448.2525329589844
2022-01-06,447.8314514160156
2022-01-07,446.0609436035156
2022-01-10,445.5058288574219
2022-01-11,449.5636901855469
2022-01-12,450.77911376953125
2022-01-13,444.5679016113281
2022-01-14,444.7498474121094
2022-01-18,436.87347412109375
2022-01-19,432.3371887207031
2022-01-20,427.5520324707031
2022-01-21,419.158935546875
2022-01-24,420.93896484375
2022-01-25,415.7997741699219
2022-01-26,414.7565612792969
2022-01-27,412.70855712890625
2022-01-28,422.95831298828125
2022-01-31,430.57623291015625
2022-02-01,433.485595703125
2022-02-02,437.696533203125
2022-02-03,427.4085388183594
2022-02-04,429.4182434082031
2022-02-07,428.04010009765625
2022-02-08,431.5619201660156
2022-02-09,437.8783874511719
2022-02-10,430.0116271972656
2022-02-11,421.5323181152344
2022-02-14,420.1542663574219
2022-02-15,426.9300231933594
2022-02-16,427.4085388183594
2022-02-17,418.2784423828125
2022-02-18,415.57000732421875
2022-02-22,411.11029052734375
2022-02-23,403.8177795410156
2022-02-24,409.8948059082031
2022-02-25,418.93878173828125
2022-02-28,417.866943359375
2022-03-01,411.5027160644531
2022-03-02,419.07275390625
2022-03-03,416.9864501953125
2022-03-04,413.5986022949219
2022-03-07,401.406005859375
2022-03-08,398.36260986328125
2022-03-09,409.0430908203125
2022-03-10,407.196044921875
2022-03-11,402.0185546875
2022-03-14,399.0804748535156
2022-03-15,407.85638427734375
2022-03-16,416.9002990722656
2022-03-17,422.1161193847656
2022-03-18,426.739501953125
2022-03-21,426.6146545410156
2022-03-22,431.606689453125
2022-03-23,426.0483093261719
2022-03-24,432.470703125
2022-03-25,434.5826721191406
2022-03-28,437.6739196777344
2022-03-29,443.0882568359375
2022-03-30,440.3523254394531
2022-03-31,433.57470703125
2022-04-01,434.8034973144531
2022-04-04,438.5282287597656
2022-04-05,432.98907470703125
2022-04-06,428.65948486328125
2022-04-07,430.8194580078125
2022-04-08,429.66741943359375
2022-04-11,422.323486328125
2022-04-12,420.7586364746094
2022-04-13,425.577880859375
2022-04-14,420.2786560058594
2022-04-18,420.45147705078125
2022-04-19,427.23870849609375
2022-04-20,426.9219055175781
2022-04-21,420.5378723144531
2022-04-22,408.9986877441406
2022-04-25,411.3698425292969
2022-04-26,399.45623779296875
2022-04-27,400.5794372558594
2022-04-28,410.6978454589844
2022-04-29,395.5202331542969
2022-05-02,397.90106201171875
2022-05-03,399.72503662109375
2022-05-04,411.8978271484375
2022-05-05,397.2578430175781
2022-05-06,394.88665771484375
2022-05-09,382.24346923828125
2022-05-10,383.126708984375
2022-05-11,377.0402526855469
2022-05-12,376.6466369628906
2022-05-13,385.6514587402344
2022-05-16,384.0866394042969
2022-05-17,391.9874572753906
2022-05-18,376.1858215332031
2022-05-19,373.8818359375
2022-05-20,374.0450744628906
2022-05-23,381.0434265136719
2022-05-24,378.13470458984375
2022-05-25,381.47540283203125
2022-05-26,389.097900390625
2022-05-27,398.64984130859375
2022-05-31,396.41302490234375
2022-06-01,393.2066650390625
2022-06-02,400.6946716308594
2022-06-03,394.1186828613281
2022-06-06,395.31866455078125
2022-06-07,399.1106262207031
2022-06-08,394.7714538574219
2022-06-09,385.38262939453125
2022-06-10,374.20819091796875
2022-06-13,360.0002136230469
2022-06-14,358.9154357910156
2022-06-15,364.0322570800781
2022-06-16,351.9841613769531
2022-06-17,352.74298095703125
2022-06-21,361.622802734375
2022-06-22,360.9671630859375
2022-06-23,364.505615234375
2022-06-24,376.09466552734375
2022-06-27,374.6580505371094
2022-06-28,367.00274658203125
2022-06-29,366.703857421875
2022-06-30,363.72467041015625
2022-07-01,367.5716247558594
2022-07-05,368.2657775878906
2022-07-06,369.5095520019531
2022-07-07,375.043701171875
2022-07-08,374.7352600097656
2022-07-11,370.4543762207031
2022-07-12,367.17633056640625
2022-07-13,365.248046875
2022-07-14,364.3609924316406
2022-07-15,371.3221130371094
2022-07-18,368.25616455078125
2022-07-19,378.2061462402344
2022-07-20,380.6164855957031
2022-07-21,384.4924621582031
2022-07-22,380.92498779296875
2022-07-25,381.3878173828125
2022-07-26,376.87567138671875
2022-07-27,386.6617431640625
2022-07-28,391.5113830566406
2022-07-29,397.2191467285156
2022-08-01,396.0428466796875
2022-08-02,393.42999267578125
2022-08-03,399.5909423828125
2022-08-04,399.3210144042969
2022-08-05,398.64605712890625
2022-08-08,398.1833190917969
2022-08-09,396.60211181640625
2022-08-10,404.93231201171875
2022-08-11,404.93231201171875
2022-08-12,411.7874450683594
2022-08-15,413.4842834472656
2022-08-16,414.294189453125
2022-08-17,411.353515625
2022-08-18,412.5491027832031
2022-08-19,407.0052185058594
2022-08-22,398.5303955078125
2022-08-23,397.5662536621094
2022-08-24,398.83892822265625
2022-08-25,404.4695129394531
2022-08-26,390.7786560058594
2022-08-29,388.1947021484375
2022-08-30,383.9332275390625
2022-08-31,381.0118103027344
2022-09-01,382.2073669433594
2022-09-02,378.17718505859375
2022-09-06,376.7503356933594
2022-09-07,383.5185852050781
2022-09-08,386.0253601074219
2022-09-09,392.0223693847656
2022-09-12,396.2357177734375
2022-09-13,379.00640869140625
2022-09-14,380.4526062011719
2022-09-15,376.13330078125
2022-09-16,373.26373291015625
2022-09-19,376.1584167480469
2022-09-20,371.8406066894531
2022-09-21,365.35430908203125
2022-09-22,362.285400390625
2022-09-23,356.2153625488281
2022-09-26,352.69146728515625
2022-09-27,351.7911071777344
2022-09-28,358.71307373046875
2022-09-29,351.2199401855469
2022-09-30,345.788818359375
2022-10-03,354.9180908203125
2022-10-04,365.9158630371094
2022-10-05,365.06390380859375
2022-10-06,361.2979736328125
2022-10-07,351.2199401855469
2022-10-10,348.53826904296875
2022-10-11,346.3309631347656
2022-10-12,345.18865966796875
2022-10-13,354.2984924316406
2022-10-14,346.22454833984375
2022-10-17,355.1213684082031
2022-10-18,359.2940368652344
2022-10-19,356.7478332519531
2022-10-20,353.75640869140625
2022-10-21,362.3531799316406
2022-10-24,366.78717041015625
2022-10-25,372.64422607421875
2022-10-26,369.83660888671875
2022-10-27,367.86175537109375
2022-10-28,376.6134338378906
2022-10-31,373.89306640625
2022-11-01,372.2569274902344
2022-11-02,362.9146728515625
2022-11-03,359.17779541015625
2022-11-04,364.34747314453125
2022-11-07,367.8326416015625
2022-11-08,369.8172302246094
2022-11-09,362.19830322265625
2022-11-10,382.1025695800781
2022-11-11,385.80078125
2022-11-14,382.5188293457031
2022-11-15,385.7813415527344
2022-11-16,382.83831787109375
2022-11-17,381.6669006347656
2022-11-18,383.3998718261719
2022-11-21,382.0057678222656
2022-11-22,387.14642333984375
2022-11-23,389.5860290527344
2022-11-25,389.4989013671875
2022-11-28,383.28369140625
2022-11-29,382.6253662109375
2022-11-30,394.6783447265625
2022-12-01,394.38787841796875
2022-12-02,393.932861328125
2022-12-05,386.8462829589844
2022-12-06,381.2699890136719
2022-12-07,380.62139892578125
2022-12-08,383.6031494140625
2022-12-09,380.7375183105469
2022-12-12,386.22674560546875
2022-12-13,389.150390625
2022-12-14,386.662353515625
2022-12-15,377.20391845703125
2022-12-16,372.7506408691406
2022-12-19,369.5898132324219
2022-12-20,370.0955810546875
2022-12-21,375.62939453125
2022-12-22,370.2706298828125
2022-12-23,372.4005432128906
2022-12-27,370.93194580078125
2022-12-28,366.32208251953125
2022-12-29,372.9159851074219
2022-12-30,371.9336853027344
2023-01-03,370.367919921875
2023-01-04,373.2272033691406
2023-01-05,368.9674377441406
2023-01-06,377.4285888671875
2023-01-09,377.21466064453125
2023-01-10,379.8600158691406
2023-01-11,384.66436767578125
2023-01-12,386.0648498535156
2023-01-13,387.5626220703125
2023-01-17,386.8526916503906
2023-01-18,380.7450256347656
2023-01-19,377.9732666015625
2023-01-20,385.0145263671875
2023-01-23,389.6341857910156
2023-01-24,389.2159729003906
2023-01-25,389.3618469238281
2023-01-26,393.6410827636719
2023-01-27,394.5455627441406
2023-01-30,389.5952453613281
2023-01-31,395.3236083984375
2023-02-01,399.5250244140625
2023-02-02,405.3409423828125
2023-02-03,401.0325012207031
2023-02-06,398.5816650390625
2023-02-07,403.7945861816406
2023-02-08,399.3791198730469
2023-02-09,395.9168701171875
2023-02-10,396.8407897949219
2023-02-13,401.49932861328125
2023-02-14,401.3145751953125
2023-02-15,402.6177673339844
2023-02-16,397.0741882324219
2023-02-17,396.08221435546875
2023-02-21,388.13641357421875
2023-02-22,387.6015625
2023-02-23,389.663330078125
2023-02-24,385.5008239746094
2023-02-27,386.81378173828125
2023-02-28,385.3841552734375
2023-03-01,383.90582275390625
2023-03-02,386.8916015625
2023-03-03,393.096435546875
2023-03-06,393.3687438964844
2023-03-07,387.3389892578125
2023-03-08,387.9710998535156
2023-03-09,380.8131103515625
2023-03-10,375.31817626953125
2023-03-13,374.78326416015625
2023-03-14,380.9784240722656
2023-03-15,378.5956726074219
2023-03-16,385.23822021484375
2023-03-17,380.73370361328125
2023-03-20,384.3947448730469
2023-03-21,389.4420471191406
2023-03-22,382.8034362792969
2023-03-23,383.8382568359375
2023-03-24,386.3570556640625
2023-03-27,387.0794677734375
2023-03-28,386.2106018066406
2023-03-29,391.8241271972656
2023-03-30,394.1183776855469
2023-03-31,399.6733703613281
2023-04-03,401.1962585449219
2023-04-04,398.9703674316406
2023-04-05,397.92578125
2023-04-06,399.47808837890625
2023-04-10,399.8880615234375
2023-04-11,399.9954833984375
2023-04-12,398.36505126953125
2023-04-13,403.65643310546875
2023-04-14,402.67041015625
2023-04-17,404.1153259277344
2023-04-18,404.3788757324219
2023-04-19,404.3105773925781
2023-04-20,402.1042175292969
2023-04-21,402.4165954589844
2023-04-24,402.8363952636719
2023-04-25,396.4418640136719
2023-04-26,394.76263427734375
2023-04-27,402.62164306640625
2023-04-28,406.05804443359375
2023-05-01,405.6480407714844
2023-05-02,401.0888671875
2023-05-03,398.33575439453125
2023-05-04,395.514404296875
2023-05-05,402.8363952636719
2023-05-08,402.94378662109375
2023-05-09,401.1767272949219
2023-05-10,403.0511474609375
2023-05-11,402.3482666015625
2023-05-12,401.82110595703125
2023-05-15,403.2074279785156
2023-05-16,400.5128479003906
2023-05-17,405.37469482421875
2023-05-18,409.2797546386719
2023-05-19,408.6842346191406
2023-05-22,408.8501892089844
2023-05-23,404.2617492675781
2023-05-24,401.3329772949219
2023-05-25,404.80841064453125
2023-05-26,410.0509948730469
2023-05-30,410.2071838378906
2023-05-31,407.9325256347656
2023-06-01,411.8082580566406
2023-06-02,417.7635192871094
2023-06-05,416.9629821777344
2023-06-06,417.8708801269531
2023-06-07,416.426025390625
2023-06-08,418.94476318359375
2023-06-09,419.6964416503906
2023-06-12,423.5038757324219
2023-06-13,426.2961120605469
2023-06-14,426.8036804199219
2023-06-15,432.0950927734375
2023-06-16,430.62322998046875
2023-06-20,428.38909912109375
2023-06-21,426.19415283203125
2023-06-22,427.7325744628906
2023-06-23,424.49896240234375
2023-06-26,422.7645263671875
2023-06-27,427.3994445800781
2023-06-28,427.6150207519531
2023-06-29,429.3003845214844
2023-06-30,434.366455078125
2023-07-03,434.8662109375
2023-07-05,434.2195129394531
2023-07-06,430.81927490234375
2023-07-07,429.7315673828125
2023-07-10,430.81927490234375
2023-07-11,433.56292724609375
2023-07-12,437.0513000488281
2023-07-13,440.52020263671875
2023-07-14,440.2458190917969
2023-07-17,441.7744140625
2023-07-18,445.05706787109375
2023-07-19,446.0467834472656
2023-07-20,443.0874938964844
2023-07-21,443.0874938964844
2023-07-24,445.06689453125
2023-07-25,446.2819519042969
2023-07-26,446.3505554199219
2023-07-27,443.3912353515625
2023-07-28,447.732177734375
2023-07-31,448.5846862792969
2023-08-01,447.301025390625
2023-08-02,441.0787353515625
2023-08-03,439.81463623046875
2023-08-04,437.825439453125
2023-08-07,441.6470642089844
2023-08-08,439.7264404296875
2023-08-09,436.78680419921875
2023-08-10,436.9435729980469
2023-08-11,436.68878173828125
2023-08-14,439.0993347167969
2023-08-15,433.9843444824219
2023-08-16,430.7997131347656
2023-08-17,427.51702880859375
2023-08-18,427.7227783203125
2023-08-21,430.5056457519531
2023-08-22,429.339599609375
2023-08-23,434.1214599609375
2023-08-24,428.10491943359375
2023-08-25,431.1230163574219
2023-08-28,433.85693359375
2023-08-29,440.12823486328125
2023-08-30,441.9410400390625
2023-08-31,441.2942810058594
2023-09-01,442.117431640625
2023-09-05,440.2065734863281
2023-09-06,437.2473449707031
2023-09-07,435.9049072265625
2023-09-08,436.5614013671875
2023-09-11,439.4324951171875
2023-09-12,437.0219421386719
2023-09-13,437.531494140625
2023-09-14,441.3040771484375
2023-09-15,435.9870910644531
2023-09-18,436.2428283691406
2023-09-19,435.33807373046875
2023-09-20,431.3359069824219
2023-09-21,424.2066345214844
2023-09-22,423.2527770996094
2023-09-25,425.03265380859375
2023-09-26,418.7883605957031
2023-09-27,418.95550537109375
2023-09-28,421.3843994140625
2023-09-29,420.3617248535156
2023-10-02,420.19451904296875
2023-10-03,414.5697937011719
2023-10-04,417.5887145996094
2023-10-05,417.4313659667969
2023-10-06,422.3874206542969
2023-10-09,425.09161376953125
2023-10-10,427.30413818359375
2023-10-11,429.05450439453125
2023-10-12,426.4388122558594
2023-10-13,424.3147888183594
2023-10-16,428.7792053222656
2023-10-17,428.759521484375
2023-10-18,423.0462646484375
2023-10-19,419.3291931152344
2023-10-20,414.17645263671875
2023-10-23,413.4585876464844
2023-10-24,416.5758361816406
2023-10-25,410.5970458984375
2023-10-26,405.6802978515625
2023-10-27,403.8414306640625
2023-10-30,408.6697082519531
2023-10-31,411.2362365722656
2023-11-01,415.62200927734375
2023-11-02,423.5871276855469
2023-11-03,427.45166015625
2023-11-06,428.43499755859375
2023-11-07,429.6543273925781
2023-11-08,429.9690246582031
2023-11-09,426.61578369140625
2023-11-10,433.2730407714844
2023-11-13,432.860107421875
2023-11-14,441.25787353515625
2023-11-15,442.1920166015625
2023-11-16,442.7328796386719
2023-11-17,443.2835693359375
2023-11-20,446.69580078125
2023-11-21,445.7222595214844
2023-11-22,447.4431457519531
2023-11-24,447.71844482421875
2023-11-27,446.912109375
2023-11-28,447.3546142578125
2023-11-29,447.0399475097656
2023-11-30,448.8001403808594
2023-12-01,451.4552307128906
2023-12-04,449.0853271484375
2023-12-05,448.9967956542969
2023-12-06,447.1874694824219
2023-12-07,450.59967041015625
2023-12-08,452.536865234375
2023-12-11,454.2970275878906
2023-12-12,456.3719482421875
2023-12-13,462.6653747558594
2023-12-14,464.1502380371094
2023-12-15,463.385986328125
2023-12-18,465.9925842285156
2023-12-19,468.8262023925781
2023-12-20,462.32958984375
2023-12-21,466.71331787109375
2023-12-22,467.65130615234375
2023-12-26,469.6259765625
2023-12-27,470.47509765625
2023-12-28,470.65283203125
2023-12-29,469.290283203125
2024-01-02,466.6639404296875
2024-01-03,462.8528747558594
2024-01-04,461.3619689941406
2024-01-05,461.993896484375
2024-01-08,468.5892639160156
2024-01-09,467.8783874511719
2024-01-10,470.5244445800781
2024-01-11,470.317138671875
2024-01-12,470.6429443359375
2024-01-16,468.9150390625
2024-01-17,466.30853271484375
2024-01-18,470.455322265625
2024-01-19,476.3200988769531
2024-01-22,477.32720947265625
2024-01-23,478.7193298339844
2024-01-24,479.24261474609375
2024-01-25,481.84918212890625
2024-01-26,481.2370300292969
2024-01-29,485.048095703125
2024-01-30,484.6729431152344
2024-01-31,476.764404296875
2024-02-01,483.0043640136719
2024-02-02,488.08917236328125
2024-02-05,486.31195068359375
2024-02-06,487.7238464355469
2024-02-07,491.7916259765625
2024-02-08,492.00885009765625
2024-02-09,494.8524169921875
2024-02-12,494.63519287109375
2024-02-13,487.8225402832031
2024-02-14,492.25567626953125
2024-02-15,495.65216064453125
2024-02-16,493.18377685546875
2024-02-20,490.4686279296875
2024-02-21,490.9128723144531
2024-02-22,501.07257080078125
2024-02-23,501.41815185546875
2024-02-26,499.5816955566406
2024-02-27,500.5097961425781
2024-02-28,499.8482971191406
2024-02-29,501.645263671875
2024-03-01,506.35479736328125
2024-03-04,505.811767578125
2024-03-05,500.75665283203125
2024-03-06,503.2940979003906
2024-03-07,508.28997802734375
2024-03-08,505.2391662597656
2024-03-11,504.8047180175781
2024-03-12,510.2350769042969
2024-03-13,509.4352722167969
2024-03-14,508.4282531738281
2024-03-15,504.9371032714844
2024-03-18,507.93798828125
2024-03-19,510.76068115234375
2024-03-20,515.4849243164062
2024-03-21,517.1884155273438
2024-03-22,516.2078857421875
2024-03-25,514.7816772460938
2024-03-26,513.8309326171875
2024-03-27,518.1490478515625
2024-03-28,518.0499877929688
2024-04-01,517.1487426757812
2024-04-02,513.860595703125
2024-04-03,514.4251098632812
2024-04-04,508.14599609375
2024-04-05,513.45458984375
2024-04-08,513.74169921875
2024-04-09,514.3359985351562
2024-04-10,509.1859130859375
2024-04-11,513.0286254882812
2024-04-12,505.9472961425781
2024-04-15,499.6087341308594
2024-04-16,498.69757080078125
2024-04-17,495.74615478515625
2024-04-18,494.72601318359375
2024-04-19,490.4078674316406
2024-04-22,494.9241027832031
2024-04-23,500.79718017578125
2024-04-24,500.5594787597656
2024-04-25,498.6579284667969
2024-04-26,503.3821716308594
2024-04-29,505.16485595703125
2024-04-30,497.1624450683594
2024-05-01,495.548095703125
2024-05-02,500.1831359863281
2024-05-03,506.3830871582031
2024-05-06,511.6124267578125
2024-05-07,512.1769409179688
2024-05-08,512.2264404296875
2024-05-09,515.1778564453125
2024-05-10,515.8414916992188
2024-05-13,515.9107055664062
2024-05-14,518.27783203125
2024-05-15,524.6956787109375
2024-05-16,523.6160278320312
2024-05-17,524.3688354492188
2024-05-20,524.972900390625
2024-05-21,526.2603759765625
2024-05-22,524.7451782226562
2024-05-23,520.9122924804688
2024-05-24,524.35888671875
2024-05-28,524.725341796875
2024-05-29,521.0509643554688
2024-05-30,517.5943603515625
2024-05-31,522.3087158203125
2024-06-03,522.734619140625
2024-06-04,523.3189697265625
2024-06-05,529.5386962890625
2024-06-06,529.5287475585938
2024-06-07,528.8850708007812
2024-06-10,530.5191650390625
2024-06-11,531.7968139648438
2024-06-12,536.1644897460938
2024-06-13,537.2440185546875
2024-06-14,537.5709228515625
2024-06-17,541.849365234375
2024-06-18,543.22607421875
2024-06-20,541.7503051757812
2024-06-21,541.0240478515625
2024-06-24,539.2653198242188
2024-06-25,541.342041015625
2024-06-26,542.0177001953125
2024-06-27,542.8721313476562
2024-06-28,540.73583984375
2024-07-01,541.8487548828125
2024-07-02,545.4952392578125
2024-07-03,547.9296264648438
2024-07-05,551.0891723632812
2024-07-08,551.72509765625
2024-07-09,552.2616577148438
2024-07-10,557.7264404296875
2024-07-11,552.9173583984375
2024-07-12,556.4049072265625
2024-07-15,557.9351196289062
2024-07-16,561.2437133789062
2024-07-17,553.3744506835938
2024-07-18,549.121826171875
2024-07-19,545.475341796875
2024-07-22,551.0991821289062
2024-07-23,550.2346801757812
2024-07-24,537.7650146484375
2024-07-25,534.9630737304688
2024-07-26,540.9544677734375
2024-07-29,541.2724609375
2024-07-30,538.5300903320312
2024-07-31,547.28369140625
2024-08-01,539.53369140625
2024-08-02,529.4883422851562
2024-08-05,514.0677490234375
2024-08-06,518.8071899414062
2024-08-07,515.3395385742188
2024-08-08,527.2528076171875
2024-08-09,529.5778198242188
2024-08-12,529.8560180664062
2024-08-13,538.56982421875
2024-08-14,540.2689208984375
2024-08-15,549.5292358398438
2024-08-16,550.7612915039062
2024-08-19,556.02734375
2024-08-20,555.1232299804688
2024-08-21,557.0309448242188
2024-08-22,552.6590576171875
2024-08-23,558.53125
2024-08-26,557.1997680664062
2024-08-27,557.9649047851562
2024-08-28,554.7257690429688
2024-08-29,554.775390625
2024-08-30,560.0712890625
2024-09-03,548.5455932617188
2024-09-04,547.4227905273438
2024-09-05,546.0913696289062
2024-09-06,536.900634765625
2024-09-09,542.911865234375
2024-09-10,545.276611328125
2024-09-11,550.8705444335938
2024-09-12,555.5106811523438
2024-09-13,558.4119873046875
2024-09-16,559.2366943359375
2024-09-17,559.4652099609375
2024-09-18,557.8059692382812
2024-09-19,567.3245849609375
2024-09-20,566.3438720703125
2024-09-23,567.7590942382812
2024-09-24,569.3836059570312
2024-09-25,568.1278686523438
2024-09-26,570.3803100585938
2024-09-27,569.5530395507812
2024-09-30,571.8353881835938
2024-10-01,566.712646484375
2024-10-02,566.9518432617188
2024-10-03,565.9153442382812
2024-10-04,571.0579833984375
2024-10-07,565.8953857421875
2024-10-08,571.2473754882812
2024-10-09,575.2041015625
2024-10-10,574.1974487304688
2024-10-11,577.6358642578125
2024-10-14,582.3599853515625
2024-10-15,577.835205078125
2024-10-16,580.3467407226562
2024-10-17,580.3965454101562
2024-10-18,582.6290893554688
2024-10-21,581.6723022460938
2024-10-22,581.3633422851562
2024-10-23,576.0512084960938
2024-10-24,577.2969970703125
2024-10-25,577.09765625
2024-10-28,578.8817138671875
2024-10-29,579.8185424804688
2024-10-30,578.064453125
2024-10-31,566.7326049804688
2024-11-01,569.12451171875
2024-11-04,567.8986206054688
2024-11-05,574.7655639648438
2024-11-06,589.0574340820312
2024-11-07,593.612060546875
2024-11-08,596.1834716796875
2024-11-11,596.7515258789062
2024-11-12,594.8978271484375
2024-11-13,595.1868286132812
2024-11-14,591.3596801757812
2024-11-15,583.78515625
2024-11-18,586.1771240234375
2024-11-19,588.3198852539062
2024-11-20,588.5192260742188
2024-11-21,591.6785888671875
2024-11-22,593.512451171875
2024-11-25,595.5256958007812
2024-11-26,598.6351928710938
2024-11-27,596.8212890625
2024-11-29,600.52880859375
2024-12-02,601.605224609375
2024-12-03,601.8842163085938
2024-12-04,605.6216430664062
2024-12-05,604.625
2024-12-06,605.7711791992188
2024-12-09,602.6516723632812
2024-12-10,600.7779541015625
2024-12-11,605.42236328125
2024-12-12,602.3028564453125
2024-12-13,602.1832885742188
2024-12-16,604.7545776367188
2024-12-17,602.262939453125
2024-12-18,584.3134155273438
2024-12-19,584.1339721679688
2024-12-20,591.1500244140625
2024-12-23,594.6900024414062
2024-12-24,601.2999877929688
2024-12-26,601.3400268554688
2024-12-27,595.010009765625
2024-12-30,588.219970703125
2024-12-31,586.0800170898438
2025-01-02,584.6400146484375
2025-01-03,591.9500122070312
