Date,VIXM,^VIX,SPY
2011-01-05,2125,0,133975300
2011-01-06,2275,0,122519000
2011-01-07,2700,0,156034600
2011-01-10,500,0,122401700
2011-01-11,275,0,110287000
2011-01-12,3575,0,107929200
2011-01-13,625,0,129048400
2011-01-14,2125,0,117677900
2011-01-18,1450,0,114401300
2011-01-19,675,0,151958400
2011-01-20,1650,0,175745700
2011-01-21,450,0,151462900
2011-01-24,800,0,113715500
2011-01-25,375,0,167552200
2011-01-26,1350,0,141281500
2011-01-27,1100,0,123302700
2011-01-28,3150,0,295637300
2011-01-31,250,0,149249200
2011-02-01,1825,0,167194300
2011-02-02,1575,0,118323600
2011-02-03,800,0,145886700
2011-02-04,3725,0,134634800
2011-02-07,2375,0,112439100
2011-02-08,2275,0,99072800
2011-02-09,2300,0,146436700
2011-02-10,4300,0,162708500
2011-02-11,875,0,137710300
2011-02-14,1700,0,101690700
2011-02-15,875,0,119575400
2011-02-16,125,0,130183500
2011-02-17,1200,0,109810500
2011-02-18,975,0,130002400
2011-02-22,3000,0,233116400
2011-02-23,1825,0,227584000
2011-02-24,1075,0,260431400
2011-02-25,550,0,141686900
2011-02-28,450,0,141585500
2011-03-01,2550,0,258565500
2011-03-02,725,0,200277400
2011-03-03,1175,0,176480100
2011-03-04,1725,0,277202300
2011-03-07,400,0,216790400
2011-03-08,125,0,174615000
2011-03-09,1500,0,153806000
2011-03-10,4900,0,301291800
2011-03-11,4100,0,225621800
2011-03-14,1600,0,234974100
2011-03-15,3600,0,359585400
2011-03-16,11575,0,468670300
2011-03-17,1100,0,254303700
2011-03-18,3150,0,230435400
2011-03-21,925,0,153992600
2011-03-22,225,0,129538600
2011-03-23,550,0,148603100
2011-03-24,700,0,159129800
2011-03-25,6150,0,155642800
2011-03-28,3350,0,109762400
2011-03-29,5950,0,129798800
2011-03-30,1725,0,135835000
2011-03-31,3075,0,132537100
2011-04-01,4850,0,153850100
2011-04-04,5650,0,100768900
2011-04-05,7125,0,120791500
2011-04-06,11125,0,120411600
2011-04-07,8325,0,170731500
2011-04-08,20550,0,147945400
2011-04-11,13550,0,121385400
2011-04-12,13950,0,161187400
2011-04-13,15175,0,162059000
2011-04-14,8325,0,161220400
2011-04-15,12150,0,170006700
2011-04-18,28425,0,210759300
2011-04-19,12800,0,124258800
2011-04-20,8250,0,156133800
2011-04-21,12800,0,135935400
2011-04-25,5750,0,65757100
2011-04-26,9250,0,146600000
2011-04-27,14700,0,143031000
2011-04-28,13700,0,124791100
2011-04-29,12250,0,115094100
2011-05-02,5750,0,126278700
2011-05-03,7250,0,138375000
2011-05-04,16750,0,182678500
2011-05-05,13300,0,226900000
2011-05-06,19725,0,222787200
2011-05-09,6750,0,114104500
2011-05-10,7300,0,114806900
2011-05-11,10375,0,193564200
2011-05-12,15750,0,171550700
2011-05-13,27300,0,157444900
2011-05-16,18325,0,141675400
2011-05-17,29375,0,192686200
2011-05-18,12425,0,135217900
2011-05-19,15975,0,119489500
2011-05-20,15150,0,182594900
2011-05-23,21425,0,168700000
2011-05-24,9125,0,147199600
2011-05-25,15800,0,151050100
2011-05-26,13800,0,164850000
2011-05-27,12225,0,120921900
2011-05-31,2275,0,164731200
2011-06-01,22550,0,233094300
2011-06-02,19575,0,200466800
2011-06-03,19275,0,234690200
2011-06-06,9825,0,179951200
2011-06-07,13750,0,161660500
2011-06-08,11875,0,198696400
2011-06-09,3000,0,160964400
2011-06-10,13675,0,238629400
2011-06-13,7825,0,207599800
2011-06-14,6100,0,160570400
2011-06-15,20975,0,300958000
2011-06-16,20175,0,308032800
2011-06-17,13125,0,233284900
2011-06-20,12825,0,159479000
2011-06-21,6050,0,193157300
2011-06-22,25475,0,176703000
2011-06-23,21675,0,334286500
2011-06-24,7675,0,226129300
2011-06-27,21100,0,168904700
2011-06-28,4050,0,165556300
2011-06-29,5675,0,244295500
2011-06-30,17175,0,223322700
2011-07-01,25475,0,202385700
2011-07-05,6325,0,165936000
2011-07-06,8425,0,143331600
2011-07-07,13950,0,170464200
2011-07-08,15925,0,194100500
2011-07-11,11600,0,195918600
2011-07-12,8125,0,214675700
2011-07-13,11050,0,204062600
2011-07-14,14450,0,226111800
2011-07-15,18525,0,220012800
2011-07-18,7675,0,196872100
2011-07-19,8825,0,166554900
2011-07-20,7350,0,137145400
2011-07-21,20325,0,245246300
2011-07-22,14700,0,126019400
2011-07-25,20400,0,136653800
2011-07-26,8050,0,131278200
2011-07-27,49775,0,249020100
2011-07-28,26575,0,207939900
2011-07-29,31425,0,307038400
2011-08-01,34675,0,325790900
2011-08-02,26925,0,346653800
2011-08-03,23300,0,370830800
2011-08-04,6625,0,520721800
2011-08-05,9550,0,655619200
2011-08-08,10625,0,702263900
2011-08-09,7175,0,717828700
2011-08-10,8675,0,662607400
2011-08-11,3925,0,487979700
2011-08-12,2950,0,313731600
2011-08-15,2850,0,258810600
2011-08-16,3000,0,294095200
2011-08-17,2800,0,238201100
2011-08-18,2550,0,512956300
2011-08-19,1175,0,428281300
2011-08-22,2125,0,275090600
2011-08-23,2775,0,331136600
2011-08-24,1350,0,246869700
2011-08-25,1475,0,312365400
2011-08-26,1000,0,314495900
2011-08-29,12000,0,190977200
2011-08-30,6900,0,241315700
2011-08-31,9050,0,301828400
2011-09-01,3600,0,254585900
2011-09-02,5950,0,255517200
2011-09-06,5175,0,285130500
2011-09-07,3150,0,209803200
2011-09-08,2700,0,250568200
2011-09-09,4825,0,380195100
2011-09-12,3750,0,305793500
2011-09-13,5625,0,272514700
2011-09-14,4325,0,319389500
2011-09-15,1625,0,326777200
2011-09-16,6175,0,284528300
2011-09-19,1675,0,241517000
2011-09-20,875,0,218932200
2011-09-21,5675,0,316251300
2011-09-22,7875,0,513911300
2011-09-23,6800,0,307242500
2011-09-26,3575,0,260673700
2011-09-27,3150,0,311753900
2011-09-28,8300,0,286696800
2011-09-29,18950,0,298108900
2011-09-30,1750,0,288392300
2011-10-03,4300,0,365136800
2011-10-04,6975,0,459177500
2011-10-05,6250,0,284108000
2011-10-06,5250,0,257800800
2011-10-07,4525,0,312657900
2011-10-10,2400,0,230666300
2011-10-11,375,0,209088000
2011-10-12,2825,0,281544900
2011-10-13,3275,0,212538800
2011-10-14,2000,0,211397600
2011-10-17,6550,0,202311600
2011-10-18,11250,0,318857900
2011-10-19,8525,0,226601300
2011-10-20,1800,0,262075600
2011-10-21,925,0,278999400
2011-10-24,2025,0,203215600
2011-10-25,450,0,268596800
2011-10-26,100,0,289053800
2011-10-27,2175,0,393220200
2011-10-28,1175,0,225906500
2011-10-31,2875,0,228146700
2011-11-01,1875,0,416565800
2011-11-02,475,0,244717600
2011-11-03,1075,0,291174800
2011-11-04,575,0,249401600
2011-11-07,500,0,196617200
2011-11-08,1375,0,224426300
2011-11-09,6525,0,337982000
2011-11-10,1250,0,231866500
2011-11-11,1900,0,189924400
2011-11-14,925,0,159258300
2011-11-15,1425,0,184709400
2011-11-16,2250,0,235782500
2011-11-17,16000,0,331219600
2011-11-18,1025,0,215580400
2011-11-21,7275,0,229611600
2011-11-22,6525,0,216494900
2011-11-23,2975,0,224329100
2011-11-25,975,0,99557000
2011-11-28,2000,0,210686000
2011-11-29,2025,0,199241500
2011-11-30,1800,0,324439500
2011-12-01,1075,0,176954800
2011-12-02,2475,0,221109700
2011-12-05,825,0,225263900
2011-12-06,1725,0,178842100
2011-12-07,775,0,237802500
2011-12-08,2025,0,240862800
2011-12-09,13475,0,209111400
2011-12-12,392375,0,215826100
2011-12-13,13025,0,245159800
2011-12-14,4150,0,238618800
2011-12-15,2425,0,199109200
2011-12-16,1975,0,220481400
2011-12-19,2150,0,183903000
2011-12-20,6850,0,225418100
2011-12-21,5125,0,194230900
2011-12-22,9600,0,119465400
2011-12-23,2675,0,92187200
2011-12-27,3800,0,86075700
2011-12-28,1350,0,119107100
2011-12-29,2500,0,123507200
2011-12-30,1525,0,95599000
2012-01-03,4125,0,193697900
2012-01-04,2050,0,127186500
2012-01-05,4050,0,173895000
2012-01-06,5350,0,148050000
2012-01-09,1425,0,99530200
2012-01-10,1950,0,115282000
2012-01-11,12900,0,111540700
2012-01-12,2625,0,118983700
2012-01-13,625,0,179836200
2012-01-17,975,0,132209200
2012-01-18,2325,0,163395200
2012-01-19,2000,0,126328900
2012-01-20,2950,0,138230200
2012-01-23,3875,0,129295800
2012-01-24,8025,0,103083300
2012-01-25,11425,0,198613200
2012-01-26,21175,0,184880500
2012-01-27,7025,0,135259100
2012-01-30,6425,0,147311800
2012-01-31,4050,0,157212000
2012-02-01,2825,0,166234500
2012-02-02,6725,0,113090400
2012-02-03,4825,0,160598500
2012-02-06,5950,0,107694500
2012-02-07,6450,0,135528100
2012-02-08,3800,0,139361400
2012-02-09,3475,0,148602900
2012-02-10,62100,0,167907500
2012-02-13,2975,0,115841900
2012-02-14,2750,0,165329500
2012-02-15,4175,0,195195100
2012-02-16,2625,0,186567800
2012-02-17,2375,0,129869400
2012-02-21,2125,0,134042300
2012-02-22,82425,0,124455300
2012-02-23,2050,0,137704300
2012-02-24,3675,0,105539100
2012-02-27,1475,0,145728900
2012-02-28,3100,0,129355900
2012-02-29,2775,0,185934700
2012-03-01,3750,0,145023500
2012-03-02,13425,0,120638300
2012-03-05,3550,0,140765000
2012-03-06,2625,0,202129900
2012-03-07,1675,0,143692200
2012-03-08,1950,0,116968900
2012-03-09,3475,0,122836800
2012-03-12,3700,0,104003500
2012-03-13,2850,0,184090500
2012-03-14,4400,0,145163600
2012-03-15,6050,0,165118500
2012-03-16,3150,0,152893500
2012-03-19,4775,0,125291100
2012-03-20,2500,0,121729700
2012-03-21,6500,0,122388400
2012-03-22,4725,0,135216700
2012-03-23,3650,0,120521000
2012-03-26,4850,0,120164000
2012-03-27,10825,0,119868500
2012-03-28,14275,0,148562100
2012-03-29,3175,0,164963700
2012-03-30,12275,0,135486800
2012-04-02,3000,0,151741100
2012-04-03,4150,0,155806700
2012-04-04,21000,0,146896000
2012-04-05,3150,0,137439400
2012-04-09,3475,0,127555900
2012-04-10,10375,0,235360300
2012-04-11,3425,0,154133000
2012-04-12,2375,0,154321500
2012-04-13,2200,0,169246700
2012-04-16,3550,0,147825300
2012-04-17,2850,0,147877600
2012-04-18,4675,0,123884200
2012-04-19,2650,0,198666700
2012-04-20,4175,0,143199600
2012-04-23,2850,0,171844900
2012-04-24,8775,0,137484200
2012-04-25,8475,0,150252200
2012-04-26,6950,0,136291600
2012-04-27,3400,0,130725000
2012-04-30,1225,0,115092200
2012-05-01,2300,0,138832200
2012-05-02,3250,0,121081000
2012-05-03,16250,0,143759700
2012-05-04,15375,0,193927300
2012-05-07,4000,0,127765900
2012-05-08,11425,0,213377700
2012-05-09,1775,0,220752500
2012-05-10,5175,0,150600000
2012-05-11,4000,0,153032400
2012-05-14,2100,0,163910000
2012-05-15,6250,0,207629300
2012-05-16,4650,0,207265500
2012-05-17,65150,0,247992900
2012-05-18,6525,0,319615900
2012-05-21,7025,0,177861100
2012-05-22,3050,0,197531200
2012-05-23,1875,0,204958400
2012-05-24,1150,0,167357600
2012-05-25,3600,0,135465600
2012-05-29,1600,0,152883500
2012-05-30,3725,0,162370400
2012-05-31,4150,0,196186000
2012-06-01,67950,0,253240900
2012-06-04,6275,0,202545800
2012-06-05,18100,0,164149400
2012-06-06,1650,0,184202800
2012-06-07,2000,0,184772700
2012-06-08,1050,0,143915400
2012-06-11,3225,0,169756100
2012-06-12,1200,0,181931800
2012-06-13,8700,0,172223900
2012-06-14,2050,0,230615500
2012-06-15,2450,0,169444500
2012-06-18,2275,0,131360900
2012-06-19,2900,0,137382600
2012-06-20,2900,0,206451800
2012-06-21,6950,0,205272200
2012-06-22,5500,0,130029200
2012-06-25,3125,0,146375700
2012-06-26,2700,0,141634000
2012-06-27,2675,0,108088000
2012-06-28,4700,0,169242100
2012-06-29,2625,0,212250900
2012-07-02,3200,0,129524500
2012-07-03,1850,0,80450000
2012-07-05,8400,0,126177500
2012-07-06,3050,0,151192100
2012-07-09,5175,0,103780500
2012-07-10,2175,0,167884800
2012-07-11,1550,0,141733400
2012-07-12,1925,0,143583200
2012-07-13,2500,0,129642600
2012-07-16,1225,0,97525200
2012-07-17,2550,0,138860300
2012-07-18,1600,0,113349700
2012-07-19,2075,0,129847300
2012-07-20,5450,0,142904500
2012-07-23,3950,0,145210900
2012-07-24,3875,0,173301200
2012-07-25,1775,0,129122300
2012-07-26,2475,0,156526500
2012-07-27,104475,0,236768900
2012-07-30,3850,0,106782000
2012-07-31,2250,0,120575900
2012-08-01,3550,0,138293800
2012-08-02,2525,0,199556600
2012-08-03,14925,0,157825000
2012-08-06,3750,0,86326200
2012-08-07,2475,0,109545100
2012-08-08,3550,0,89754700
2012-08-09,2300,0,90291700
2012-08-10,5625,0,99792700
2012-08-13,11450,0,79426900
2012-08-14,20175,0,102379400
2012-08-15,7150,0,71085900
2012-08-16,8050,0,112014200
2012-08-17,10500,0,90813700
2012-08-20,12125,0,78255700
2012-08-21,13425,0,105581100
2012-08-22,7325,0,133243500
2012-08-23,78175,0,111466400
2012-08-24,13425,0,99481200
2012-08-27,9925,0,68785900
2012-08-28,3500,0,75689600
2012-08-29,3325,0,65421300
2012-08-30,5550,0,96589900
2012-08-31,4750,0,151970400
2012-09-04,38450,0,120226200
2012-09-05,4900,0,100660300
2012-09-06,47450,0,158272500
2012-09-07,38050,0,107272100
2012-09-10,7900,0,86458500
2012-09-11,16125,0,88760000
2012-09-12,8350,0,87640900
2012-09-13,14825,0,225470200
2012-09-14,18500,0,169777000
2012-09-17,7975,0,119427800
2012-09-18,10850,0,98326600
2012-09-19,11950,0,128318300
2012-09-20,5575,0,154009800
2012-09-21,5775,0,108737500
2012-09-24,7250,0,95682000
2012-09-25,8125,0,133165200
2012-09-26,13325,0,146502200
2012-09-27,81050,0,111830300
2012-09-28,15275,0,150696100
2012-10-01,42750,0,135911200
2012-10-02,17550,0,113422200
2012-10-03,25725,0,121283100
2012-10-04,37975,0,124311600
2012-10-05,11750,0,124842100
2012-10-08,5250,0,78415400
2012-10-09,5175,0,148872900
2012-10-10,7125,0,124247500
2012-10-11,6000,0,123601500
2012-10-12,10375,0,124181900
2012-10-15,7150,0,107689100
2012-10-16,9175,0,108815500
2012-10-17,9975,0,128834100
2012-10-18,2775,0,148108500
2012-10-19,25050,0,185645200
2012-10-22,13425,0,125578600
2012-10-23,13325,0,192056300
2012-10-24,10375,0,120179400
2012-10-25,18575,0,134457400
2012-10-26,19450,0,146023500
2012-10-31,32225,0,103438500
2012-11-01,30300,0,100995600
2012-11-02,16625,0,137702200
2012-11-05,39725,0,98378500
2012-11-06,8300,0,107068100
2012-11-07,13775,0,264304500
2012-11-08,13050,0,181517300
2012-11-09,14300,0,201055300
2012-11-12,14525,0,97677500
2012-11-13,13425,0,123018300
2012-11-14,9350,0,191505000
2012-11-15,10100,0,178128400
2012-11-16,7975,0,239483900
2012-11-19,13425,0,151495800
2012-11-20,8225,0,119807400
2012-11-21,72400,0,81710800
2012-11-23,5575,0,65409200
2012-11-26,9050,0,100124400
2012-11-27,6550,0,128646200
2012-11-28,8900,0,177086500
2012-11-29,5000,0,151085900
2012-11-30,8925,0,136568300
2012-12-03,8550,0,124656300
2012-12-04,12100,0,127512200
2012-12-05,12775,0,147300500
2012-12-06,8525,0,103220600
2012-12-07,3200,0,108726400
2012-12-10,5725,0,98840700
2012-12-11,6900,0,152570400
2012-12-12,11000,0,145880100
2012-12-13,6625,0,135715000
2012-12-14,10450,0,137701700
2012-12-17,7425,0,143238200
2012-12-18,12975,0,177762800
2012-12-19,16275,0,150895400
2012-12-20,12100,0,168487000
2012-12-21,17475,0,245883800
2012-12-24,12925,0,53874600
2012-12-26,8800,0,106947700
2012-12-27,424375,0,167920600
2012-12-28,9700,0,148806700
2012-12-31,25300,0,243935200
2013-01-02,8175,0,192059000
2013-01-03,10500,0,144761800
2013-01-04,32525,0,116817700
2013-01-07,27525,0,110002500
2013-01-08,11300,0,121265100
2013-01-09,18400,0,90745600
2013-01-10,17950,0,130735400
2013-01-11,29750,0,113917300
2013-01-14,7775,0,89567200
2013-01-15,18575,0,93172600
2013-01-16,26100,0,104849500
2013-01-17,11575,0,133833500
2013-01-18,8025,0,169906000
2013-01-22,14625,0,111797300
2013-01-23,19100,0,104596100
2013-01-24,17275,0,146426400
2013-01-25,16750,0,147211600
2013-01-28,6775,0,113357700
2013-01-29,25550,0,105694400
2013-01-30,46450,0,137447700
2013-01-31,10250,0,108975800
2013-02-01,38825,0,131173000
2013-02-04,12025,0,159073600
2013-02-05,33450,0,113912400
2013-02-06,13875,0,138762800
2013-02-07,10000,0,162490000
2013-02-08,11300,0,103133700
2013-02-11,14850,0,73775000
2013-02-12,13800,0,65392700
2013-02-13,6800,0,82322600
2013-02-14,10975,0,80834300
2013-02-15,5900,0,215226500
2013-02-19,11575,0,95105400
2013-02-20,34400,0,160574800
2013-02-21,70525,0,183257000
2013-02-22,11950,0,106356600
2013-02-25,46350,0,245824800
2013-02-26,25200,0,186596200
2013-02-27,10600,0,150781900
2013-02-28,9125,0,126866000
2013-03-01,10750,0,170634800
2013-03-04,5700,0,99010200
2013-03-05,40325,0,121431900
2013-03-06,7900,0,94469900
2013-03-07,3275,0,86101400
2013-03-08,9825,0,123477800
2013-03-11,5725,0,83746800
2013-03-12,32625,0,105755800
2013-03-13,5950,0,92550900
2013-03-14,9750,0,126329900
2013-03-15,14325,0,138601100
2013-03-18,19475,0,126704300
2013-03-19,21625,0,167567300
2013-03-20,16825,0,113759300
2013-03-21,9750,0,128605000
2013-03-22,7325,0,111163600
2013-03-25,48825,0,151322300
2013-03-26,17375,0,86856600
2013-03-27,12625,0,99950600
2013-03-28,13175,0,102932800
2013-04-01,10225,0,99194100
2013-04-02,11475,0,101504300
2013-04-03,26450,0,154167400
2013-04-04,34950,0,131885000
2013-04-05,17200,0,159666000
2013-04-08,9475,0,86571200
2013-04-09,9025,0,101922200
2013-04-10,50625,0,135711100
2013-04-11,13175,0,110142500
2013-04-12,4825,0,116359900
2013-04-15,24425,0,217259000
2013-04-16,18200,0,147507800
2013-04-17,37475,0,226834800
2013-04-18,30300,0,167583200
2013-04-19,9200,0,149687600
2013-04-22,8875,0,106553500
2013-04-23,22625,0,166141300
2013-04-24,20200,0,96781200
2013-04-25,11375,0,131060600
2013-04-26,4300,0,95918800
2013-04-29,22375,0,88572800
2013-04-30,21100,0,116010700
2013-05-01,21025,0,138874200
2013-05-02,18200,0,96407600
2013-05-03,14225,0,144202300
2013-05-06,5300,0,66882100
2013-05-07,5150,0,90359200
2013-05-08,3350,0,97419200
2013-05-09,7775,0,106738600
2013-05-10,5050,0,103203000
2013-05-13,14875,0,81843200
2013-05-14,2375,0,119000900
2013-05-15,11225,0,120718500
2013-05-16,14025,0,109913600
2013-05-17,64500,0,129801000
2013-05-20,23175,0,85071200
2013-05-21,29275,0,95804200
2013-05-22,33425,0,244031800
2013-05-23,34250,0,211064400
2013-05-24,7150,0,151573900
2013-05-28,16025,0,143679800
2013-05-29,59975,0,160363400
2013-05-30,40950,0,107793800
2013-05-31,33525,0,176850100
2013-06-03,35000,0,168390700
2013-06-04,47850,0,157631500
2013-06-05,58625,0,211737800
2013-06-06,52225,0,200225500
2013-06-07,14975,0,188337800
2013-06-10,20675,0,105667100
2013-06-11,42800,0,159505400
2013-06-12,50125,0,177361500
2013-06-13,20725,0,163587800
2013-06-14,25300,0,141197500
2013-06-17,74325,0,136295600
2013-06-18,13650,0,114695600
2013-06-19,14025,0,206149500
2013-06-20,115200,0,321255900
2013-06-21,71775,0,271956800
2013-06-24,48700,0,222329000
2013-06-25,43775,0,162262200
2013-06-26,17950,0,134848000
2013-06-27,29700,0,129483700
2013-06-28,20625,0,160402900
2013-07-01,28675,0,131954800
2013-07-02,20825,0,154863700
2013-07-03,7500,0,75216400
2013-07-05,10100,0,122416900
2013-07-08,26225,0,108092500
2013-07-09,40200,0,119298000
2013-07-10,41000,0,121410100
2013-07-11,28025,0,135592200
2013-07-12,15350,0,104212700
2013-07-15,54700,0,69450600
2013-07-16,22175,0,88702100
2013-07-17,19625,0,92873900
2013-07-18,11800,0,103620100
2013-07-19,14825,0,103831700
2013-07-22,27950,0,79428600
2013-07-23,9900,0,80829700
2013-07-24,11925,0,112914000
2013-07-25,26900,0,111088600
2013-07-26,44300,0,107814600
2013-07-29,22575,0,79695000
2013-07-30,14700,0,85209600
2013-07-31,38950,0,142388700
2013-08-01,34200,0,110438400
2013-08-02,10875,0,91116700
2013-08-05,8325,0,54072700
2013-08-06,50750,0,87495000
2013-08-07,20375,0,84854700
2013-08-08,19150,0,102181300
2013-08-09,59425,0,91757700
2013-08-12,20900,0,68593300
2013-08-13,16950,0,80806000
2013-08-14,18775,0,79829200
2013-08-15,159150,0,152931800
2013-08-16,41225,0,130868200
2013-08-19,65000,0,96437600
2013-08-20,40025,0,89294400
2013-08-21,39100,0,159530500
2013-08-22,9125,0,101471400
2013-08-23,6850,0,90888900
2013-08-26,14300,0,89702100
2013-08-27,95475,0,158619400
2013-08-28,30800,0,108113000
2013-08-29,38100,0,119200500
2013-08-30,36325,0,134928900
2013-09-03,98000,0,142375100
2013-09-04,31475,0,97389400
2013-09-05,13275,0,63090500
2013-09-06,34925,0,159756500
2013-09-09,80700,0,87559300
2013-09-10,30750,0,105847200
2013-09-11,10325,0,94545900
2013-09-12,107250,0,83209000
2013-09-13,34125,0,72727800
2013-09-16,19825,0,106299200
2013-09-17,22200,0,82523300
2013-09-18,102475,0,203460600
2013-09-19,19700,0,146616900
2013-09-20,31775,0,132867100
2013-09-23,28075,0,104616500
2013-09-24,17225,0,106333100
2013-09-25,10000,0,117306500
2013-09-26,12325,0,77146900
2013-09-27,18725,0,99141800
2013-09-30,15175,0,143937000
2013-10-01,6625,0,127160000
2013-10-02,32425,0,113350000
2013-10-03,43500,0,176698000
2013-10-04,55325,0,96878000
2013-10-07,30400,0,96295000
2013-10-08,112525,0,178015000
2013-10-09,73100,0,168973000
2013-10-10,62725,0,195955000
2013-10-11,27675,0,105040000
2013-10-14,76950,0,112106000
2013-10-15,81725,0,155485000
2013-10-16,72075,0,161676000
2013-10-17,96825,0,129389000
2013-10-18,101350,0,138316000
2013-10-21,43075,0,104104000
2013-10-22,94700,0,126663000
2013-10-23,25950,0,105484000
2013-10-24,20600,0,70350000
2013-10-25,10225,0,93625000
2013-10-28,20100,0,84979000
2013-10-29,15700,0,87401000
2013-10-30,45900,0,140002000
2013-10-31,10850,0,133795000
2013-11-01,13575,0,142805000
2013-11-04,8750,0,85677000
2013-11-05,7175,0,85825000
2013-11-06,24025,0,87348000
2013-11-07,16725,0,157000000
2013-11-08,13475,0,136713000
2013-11-11,12275,0,62614000
2013-11-12,5700,0,83990000
2013-11-13,13500,0,103844000
2013-11-14,4775,0,103435000
2013-11-15,69825,0,102818000
2013-11-18,32100,0,104796000
2013-11-19,17100,0,93891000
2013-11-20,21700,0,124909000
2013-11-21,12000,0,92841000
2013-11-22,13975,0,81296000
2013-11-25,12850,0,79486000
2013-11-26,22675,0,86994000
2013-11-27,10875,0,58800000
2013-11-29,6800,0,55870900
2013-12-02,35225,0,99726000
2013-12-03,35550,0,116563000
2013-12-04,8450,0,123033000
2013-12-05,4850,0,106934000
2013-12-06,120450,0,127728000
2013-12-09,16575,0,70124000
2013-12-10,9350,0,80976000
2013-12-11,21400,0,130591000
2013-12-12,23225,0,115565000
2013-12-13,3925,0,107808000
2013-12-16,3625,0,96195000
2013-12-17,6425,0,89886000
2013-12-18,23025,0,234906000
2013-12-19,23950,0,136531200
2013-12-20,19350,0,197087000
2013-12-23,9850,0,85598000
2013-12-24,16575,0,45368800
2013-12-26,15925,0,63365000
2013-12-27,7925,0,61814000
2013-12-30,15100,0,56857000
2013-12-31,38300,0,86119900
2014-01-02,35775,0,119636900
2014-01-03,12725,0,81390600
2014-01-06,9750,0,108028200
2014-01-07,11450,0,86144200
2014-01-08,7825,0,96582300
2014-01-09,9650,0,90683400
2014-01-10,18450,0,102026400
2014-01-13,8800,0,149892000
2014-01-14,18350,0,105016100
2014-01-15,4400,0,98525800
2014-01-16,6550,0,72290600
2014-01-17,8575,0,107848700
2014-01-21,30375,0,88621200
2014-01-22,4650,0,61270900
2014-01-23,14375,0,132496900
2014-01-24,128600,0,208677100
2014-01-27,50325,0,180843100
2014-01-28,37250,0,110463200
2014-01-29,65650,0,216597300
2014-01-30,19850,0,118938100
2014-01-31,16425,0,194677900
2014-02-03,48250,0,254837100
2014-02-04,36725,0,165012400
2014-02-05,18425,0,164230500
2014-02-06,36375,0,132877600
2014-02-07,40250,0,170787200
2014-02-10,21175,0,92218800
2014-02-11,15125,0,117814100
2014-02-12,7300,0,94717700
2014-02-13,12125,0,100542200
2014-02-14,25950,0,96498400
2014-02-18,9075,0,80460900
2014-02-19,15100,0,126524300
2014-02-20,5775,0,104998100
2014-02-21,10100,0,118116400
2014-02-24,7950,0,114063900
2014-02-25,6725,0,117085000
2014-02-26,10250,0,98677200
2014-02-27,18150,0,93880800
2014-02-28,21275,0,150842000
2014-03-03,51550,0,167748500
2014-03-04,33275,0,167545900
2014-03-05,16425,0,88376900
2014-03-06,9500,0,82516500
2014-03-07,10575,0,114513500
2014-03-10,46850,0,74939200
2014-03-11,20175,0,99009100
2014-03-12,9325,0,104824400
2014-03-13,23550,0,155014300
2014-03-14,24300,0,153919600
2014-03-17,21975,0,98359500
2014-03-18,15800,0,101804600
2014-03-19,6925,0,176267300
2014-03-20,8875,0,117241000
2014-03-21,35225,0,163128000
2014-03-24,8300,0,121411000
2014-03-25,2625,0,103852000
2014-03-26,10250,0,119843000
2014-03-27,3400,0,142383000
2014-03-28,5100,0,101642000
2014-03-31,15100,0,99745000
2014-04-01,46225,0,89193000
2014-04-02,37975,0,78774000
2014-04-03,8150,0,77435000
2014-04-04,17750,0,169381000
2014-04-07,22550,0,140803000
2014-04-08,6125,0,112660000
2014-04-09,12175,0,100254000
2014-04-10,19975,0,172959000
2014-04-11,22950,0,167251000
2014-04-14,16650,0,132382000
2014-04-15,11125,0,157093000
2014-04-16,9175,0,105197000
2014-04-17,39700,0,105255000
2014-04-21,10425,0,68329000
2014-04-22,26825,0,85790000
2014-04-23,4825,0,73869000
2014-04-24,12225,0,88170000
2014-04-25,4775,0,100380000
2014-04-28,6075,0,135121000
2014-04-29,13500,0,84098000
2014-04-30,5300,0,101508000
2014-05-01,3175,0,93019000
2014-05-02,10125,0,98122000
2014-05-05,119000,0,75883000
2014-05-06,3475,0,85454000
2014-05-07,16650,0,106500000
2014-05-08,9950,0,93618000
2014-05-09,3000,0,83679000
2014-05-12,10775,0,86940000
2014-05-13,20150,0,66454000
2014-05-14,11650,0,72367000
2014-05-15,8025,0,154956000
2014-05-16,7600,0,97458000
2014-05-19,13225,0,63839000
2014-05-20,27425,0,111644000
2014-05-21,25825,0,89093000
2014-05-22,23750,0,61549000
2014-05-23,10925,0,61092800
2014-05-27,6425,0,72010000
2014-05-28,19425,0,66723000
2014-05-29,11575,0,64377000
2014-05-30,21875,0,76316000
2014-06-02,6325,0,64656000
2014-06-03,13500,0,65047000
2014-06-04,10425,0,55529000
2014-06-05,15150,0,92103000
2014-06-06,45375,0,78696000
2014-06-09,15075,0,65119000
2014-06-10,22750,0,57129000
2014-06-11,26950,0,68772000
2014-06-12,28525,0,106350000
2014-06-13,5200,0,82017000
2014-06-16,8150,0,87424000
2014-06-17,25225,0,84834000
2014-06-18,39275,0,105267000
2014-06-19,45875,0,85929000
2014-06-20,7675,0,100587000
2014-06-23,55350,0,70611000
2014-06-24,28650,0,96237000
2014-06-25,9200,0,82782000
2014-06-26,10725,0,84312000
2014-06-27,26550,0,71445100
2014-06-30,4425,0,70201200
2014-07-01,4775,0,90470000
2014-07-02,6625,0,52475000
2014-07-03,7550,0,52938800
2014-07-07,66850,0,61696000
2014-07-08,15350,0,108143000
2014-07-09,8500,0,72992000
2014-07-10,88275,0,99040000
2014-07-11,17525,0,64243000
2014-07-14,9500,0,58658000
2014-07-15,26775,0,111307000
2014-07-16,14125,0,79986400
2014-07-17,8625,0,145398000
2014-07-18,26875,0,124330000
2014-07-21,6350,0,67592000
2014-07-22,4450,0,67678000
2014-07-23,8450,0,65612000
2014-07-24,3750,0,56888000
2014-07-25,11700,0,76837000
2014-07-28,8275,0,69259000
2014-07-29,5525,0,80466000
2014-07-30,9250,0,104222000
2014-07-31,66550,0,183479000
2014-08-01,79025,0,189261000
2014-08-04,76100,0,91340000
2014-08-05,14500,0,152690000
2014-08-06,56350,0,94818000
2014-08-07,17825,0,135733000
2014-08-08,7575,0,117014000
2014-08-11,12775,0,74544000
2014-08-12,3975,0,73632000
2014-08-13,20200,0,69047000
2014-08-14,12375,0,57371000
2014-08-15,34000,0,139951000
2014-08-18,19300,0,75424000
2014-08-19,3775,0,59135000
2014-08-20,16475,0,72763000
2014-08-21,31475,0,67791000
2014-08-22,6450,0,76107000
2014-08-25,3000,0,63855000
2014-08-26,16725,0,47298000
2014-08-27,4525,0,47874000
2014-08-28,5925,0,58330000
2014-08-29,5000,0,65907000
2014-09-02,3725,0,72426000
2014-09-03,11475,0,57462000
2014-09-04,8175,0,85236000
2014-09-05,2950,0,102177000
2014-09-08,2375,0,64146000
2014-09-09,39225,0,88591000
2014-09-10,7950,0,67251000
2014-09-11,21725,0,66774400
2014-09-12,7075,0,117409300
2014-09-15,6400,0,76401000
2014-09-16,6475,0,116201000
2014-09-17,11650,0,151266000
2014-09-18,13175,0,94990000
2014-09-19,8450,0,121649000
2014-09-22,6500,0,125553000
2014-09-23,8525,0,111393000
2014-09-24,10900,0,107276000
2014-09-25,39550,0,150300000
2014-09-26,5775,0,103547000
2014-09-29,29050,0,95112000
2014-09-30,6600,0,131302000
2014-10-01,115250,0,177798000
2014-10-02,17750,0,157285000
2014-10-03,20350,0,121569000
2014-10-06,24950,0,104778000
2014-10-07,13575,0,147913000
2014-10-08,33125,0,186461000
2014-10-09,15700,0,210705000
2014-10-10,26300,0,221909000
2014-10-13,30600,0,230939000
2014-10-14,15175,0,215847000
2014-10-15,81625,0,380715000
2014-10-16,121825,0,270391000
2014-10-17,23575,0,214625000
2014-10-20,11925,0,130011000
2014-10-21,12375,0,154949000
2014-10-22,43925,0,151822000
2014-10-23,98325,0,154944000
2014-10-24,57950,0,117927000
2014-10-27,3225,0,82954000
2014-10-28,11550,0,106736000
2014-10-29,18450,0,142557000
2014-10-30,5825,0,113330000
2014-10-31,13975,0,146903000
2014-11-03,11050,0,93600000
2014-11-04,5475,0,93343000
2014-11-05,5600,0,91709000
2014-11-06,9700,0,107089000
2014-11-07,8300,0,89540000
2014-11-10,9200,0,66319000
2014-11-11,7200,0,54499400
2014-11-12,8200,0,90120300
2014-11-13,13500,0,85357900
2014-11-14,14700,0,80417500
2014-11-17,8300,0,80441000
2014-11-18,18200,0,76068100
2014-11-19,5300,0,82373000
2014-11-20,6500,0,72840300
2014-11-21,16300,0,142327300
2014-11-24,10800,0,65880800
2014-11-25,12900,0,79108300
2014-11-26,4000,0,62167800
2014-11-28,15900,0,57890100
2014-12-01,14900,0,103968400
2014-12-02,8700,0,74507200
2014-12-03,16700,0,68952000
2014-12-04,10700,0,91316600
2014-12-05,11100,0,91025500
2014-12-08,61500,0,108588200
2014-12-09,15100,0,125180100
2014-12-10,22400,0,159856400
2014-12-11,82200,0,159012800
2014-12-12,50500,0,202330200
2014-12-15,38400,0,189965800
2014-12-16,17200,0,259543800
2014-12-17,70500,0,253910100
2014-12-18,41600,0,257633900
2014-12-19,22400,0,245084600
2014-12-22,13900,0,148318900
2014-12-23,13900,0,122167900
2014-12-24,10300,0,42963400
2014-12-26,6400,0,57326700
2014-12-29,5700,0,79643900
2014-12-30,63000,0,73540800
2014-12-31,39400,0,130333800
2015-01-02,10000,0,121465900
2015-01-05,32800,0,169632600
2015-01-06,114600,0,209151400
2015-01-07,15500,0,125346700
2015-01-08,30300,0,147217800
2015-01-09,22300,0,158567300
2015-01-12,14300,0,144396100
2015-01-13,19900,0,214553300
2015-01-14,81100,0,192991100
2015-01-15,9600,0,176613900
2015-01-16,36400,0,211879600
2015-01-20,8200,0,130991100
2015-01-21,6800,0,122942700
2015-01-22,73700,0,174356000
2015-01-23,6900,0,117516800
2015-01-26,40200,0,92009700
2015-01-27,9900,0,134044600
2015-01-28,63600,0,168514300
2015-01-29,15200,0,173585400
2015-01-30,6500,0,197729700
2015-02-02,22700,0,163107000
2015-02-03,18400,0,124212900
2015-02-04,8400,0,134306700
2015-02-05,5900,0,97953200
2015-02-06,7200,0,125672000
2015-02-09,13100,0,87219000
2015-02-10,2300,0,96164200
2015-02-11,2000,0,91087800
2015-02-12,4800,0,97545900
2015-02-13,3300,0,93670400
2015-02-17,14500,0,76968200
2015-02-18,2600,0,80652900
2015-02-19,2600,0,91462500
2015-02-20,9700,0,140896400
2015-02-23,4500,0,74411100
2015-02-24,9100,0,72472300
2015-02-25,5400,0,73061700
2015-02-26,33500,0,72697900
2015-02-27,29100,0,108076000
2015-03-02,16100,0,87491400
2015-03-03,13800,0,110325800
2015-03-04,117000,0,114497200
2015-03-05,22900,0,76873000
2015-03-06,17000,0,188128000
2015-03-09,3300,0,89818900
2015-03-10,74500,0,157121300
2015-03-11,23000,0,110145700
2015-03-12,11500,0,93993500
2015-03-13,9000,0,162410900
2015-03-16,7200,0,136099200
2015-03-17,8500,0,94510400
2015-03-18,17100,0,228808500
2015-03-19,6100,0,117917300
2015-03-20,7000,0,177715100
2015-03-23,10600,0,71784500
2015-03-24,13300,0,77805300
2015-03-25,30100,0,159521700
2015-03-26,10300,0,153067200
2015-03-27,2300,0,118939000
2015-03-30,3700,0,96180400
2015-03-31,3600,0,126768700
2015-04-01,10400,0,137303600
2015-04-02,4900,0,86900900
2015-04-06,5600,0,114368200
2015-04-07,2800,0,81236300
2015-04-08,10500,0,89351900
2015-04-09,7100,0,85548900
2015-04-10,9400,0,72722900
2015-04-13,10700,0,74436600
2015-04-14,4000,0,75099900
2015-04-15,7100,0,99529300
2015-04-16,9400,0,68934900
2015-04-17,8000,0,191113200
2015-04-20,7600,0,92189500
2015-04-21,8200,0,72559800
2015-04-22,2500,0,78264600
2015-04-23,2900,0,102585900
2015-04-24,3200,0,61327400
2015-04-27,5800,0,79358100
2015-04-28,6200,0,86863500
2015-04-29,6500,0,125684900
2015-04-30,11600,0,161304900
2015-05-01,6600,0,103399700
2015-05-04,2800,0,70927200
2015-05-05,3200,0,113326200
2015-05-06,6400,0,135060200
2015-05-07,10800,0,88244900
2015-05-08,9000,0,155877300
2015-05-11,3900,0,75708100
2015-05-12,4000,0,119727600
2015-05-13,2700,0,94667900
2015-05-14,2300,0,95934000
2015-05-15,2100,0,76510100
2015-05-18,5900,0,74549700
2015-05-19,4400,0,72114600
2015-05-20,3800,0,76857500
2015-05-21,2100,0,64764600
2015-05-22,1100,0,57433500
2015-05-26,19200,0,124308600
2015-05-27,3500,0,93214000
2015-05-28,2300,0,74974600
2015-05-29,4100,0,124919600
2015-06-01,4300,0,93338800
2015-06-02,3400,0,91531000
2015-06-03,3400,0,87820900
2015-06-04,4400,0,151882800
2015-06-05,2300,0,121704700
2015-06-08,11000,0,89063300
2015-06-09,7300,0,105034700
2015-06-10,4400,0,134551300
2015-06-11,9100,0,73876400
2015-06-12,43000,0,135382400
2015-06-15,6000,0,124384200
2015-06-16,4200,0,85308200
2015-06-17,4200,0,126708600
2015-06-18,65900,0,165867900
2015-06-19,11300,0,130478700
2015-06-22,8800,0,70696000
2015-06-23,4500,0,68476800
2015-06-24,5600,0,92307300
2015-06-25,7300,0,97107400
2015-06-26,3600,0,104174800
2015-06-29,31800,0,202621300
2015-06-30,45900,0,182925100
2015-07-01,6700,0,135979900
2015-07-02,6600,0,104373700
2015-07-06,14200,0,117975400
2015-07-07,16600,0,173820200
2015-07-08,17000,0,164020100
2015-07-09,12600,0,144113100
2015-07-10,53800,0,129456900
2015-07-13,11200,0,106069400
2015-07-14,6200,0,81709600
2015-07-15,7600,0,97914100
2015-07-16,16300,0,106683300
2015-07-17,4300,0,89030000
2015-07-20,13600,0,70446800
2015-07-21,13200,0,77965000
2015-07-22,9700,0,88667900
2015-07-23,7300,0,90509100
2015-07-24,28900,0,117755000
2015-07-27,6100,0,132361100
2015-07-28,13300,0,123544800
2015-07-29,16000,0,105791300
2015-07-30,4200,0,91304400
2015-07-31,12200,0,103266900
2015-08-03,30500,0,113965700
2015-08-04,7300,0,81820800
2015-08-05,7000,0,85786800
2015-08-06,7900,0,116030800
2015-08-07,7500,0,117858000
2015-08-10,9900,0,80270700
2015-08-11,11200,0,126081400
2015-08-12,49400,0,172123700
2015-08-13,6900,0,89383300
2015-08-14,10300,0,72786500
2015-08-17,11500,0,79072600
2015-08-18,5900,0,71692700
2015-08-19,8000,0,172946000
2015-08-20,24600,0,194327900
2015-08-21,51000,0,346588500
2015-08-24,203800,0,507244300
2015-08-25,72200,0,369833100
2015-08-26,62900,0,339257000
2015-08-27,24300,0,274143900
2015-08-28,19800,0,160414400
2015-08-31,32300,0,163298800
2015-09-01,111800,0,256000400
2015-09-02,28000,0,160269300
2015-09-03,8200,0,152087800
2015-09-04,10500,0,207081000
2015-09-08,14400,0,116025700
2015-09-09,26400,0,149347700
2015-09-10,10400,0,158611100
2015-09-11,2800,0,119691200
2015-09-14,8700,0,79452000
2015-09-15,6500,0,113806200
2015-09-16,9300,0,99581600
2015-09-17,168900,0,276046600
2015-09-18,106100,0,223657500
2015-09-21,7100,0,105726200
2015-09-22,64200,0,153890900
2015-09-23,3700,0,92790600
2015-09-24,69700,0,159378800
2015-09-25,12500,0,155054800
2015-09-28,122400,0,178515900
2015-09-29,56800,0,159045600
2015-09-30,35500,0,163452000
2015-10-01,10800,0,131079000
2015-10-02,83000,0,211003300
2015-10-05,110500,0,126320800
2015-10-06,10100,0,110274500
2015-10-07,20500,0,124307300
2015-10-08,8200,0,153055200
2015-10-09,2100,0,107069200
2015-10-12,8100,0,56395600
2015-10-13,7900,0,88038700
2015-10-14,93000,0,99106200
2015-10-15,7400,0,134142200
2015-10-16,5100,0,114580100
2015-10-19,14700,0,76523900
2015-10-20,8700,0,78448500
2015-10-21,4800,0,102038000
2015-10-22,8200,0,174911700
2015-10-23,131500,0,144442300
2015-10-26,3200,0,69033000
2015-10-27,10400,0,77905800
2015-10-28,1900,0,135906700
2015-10-29,3200,0,90525500
2015-10-30,6300,0,131076900
2015-11-02,24300,0,86270800
2015-11-03,3500,0,95246100
2015-11-04,28000,0,96224500
2015-11-05,12900,0,78408700
2015-11-06,2200,0,110471500
2015-11-09,7200,0,131008700
2015-11-10,83600,0,75874600
2015-11-11,1300,0,67846000
2015-11-12,8900,0,121315200
2015-11-13,62200,0,153577100
2015-11-16,8600,0,117645200
2015-11-17,18400,0,121123700
2015-11-18,212700,0,121342500
2015-11-19,8000,0,88220500
2015-11-20,29700,0,94011500
2015-11-23,4300,0,64931200
2015-11-24,10900,0,98874400
2015-11-25,2400,0,51980100
2015-11-27,200,0,37317800
2015-11-30,5200,0,112822700
2015-12-01,14300,0,97858400
2015-12-02,4100,0,108441300
2015-12-03,47800,0,166224200
2015-12-04,3600,0,192913900
2015-12-07,22600,0,102027100
2015-12-08,30400,0,103372400
2015-12-09,5400,0,162401500
2015-12-10,7900,0,116128900
2015-12-11,44900,0,211173300
2015-12-14,30200,0,182385200
2015-12-15,32400,0,154069600
2015-12-16,13900,0,197017000
2015-12-17,13800,0,173092500
2015-12-18,21900,0,251393500
2015-12-21,5700,0,99094300
2015-12-22,9400,0,111026200
2015-12-23,1600,0,110987200
2015-12-24,1500,0,48539600
2015-12-28,14000,0,65899900
2015-12-29,3500,0,92640700
2015-12-30,1200,0,63317700
2015-12-31,2600,0,114877900
2016-01-04,25200,0,222353500
2016-01-05,3700,0,110845800
2016-01-06,49800,0,152112600
2016-01-07,27200,0,213436100
2016-01-08,101000,0,209817200
2016-01-11,38200,0,187941300
2016-01-12,15700,0,172330500
2016-01-13,13000,0,221168900
2016-01-14,38500,0,240795600
2016-01-15,30300,0,324846400
2016-01-19,14800,0,195244400
2016-01-20,59100,0,286547800
2016-01-21,19900,0,195772900
2016-01-22,20100,0,168319600
2016-01-25,5500,0,130371700
2016-01-26,16200,0,141036800
2016-01-27,11200,0,185681700
2016-01-28,6700,0,143798800
2016-01-29,25500,0,210529300
2016-02-01,6500,0,136061600
2016-02-02,15100,0,182564900
2016-02-03,30900,0,205054900
2016-02-04,41000,0,139531800
2016-02-05,83700,0,180788300
2016-02-08,23000,0,191526700
2016-02-09,40800,0,184513100
2016-02-10,3900,0,148214100
2016-02-11,51800,0,219058900
2016-02-12,22300,0,127632400
2016-02-16,19300,0,120250700
2016-02-17,21300,0,136009500
2016-02-18,8500,0,102343000
2016-02-19,8600,0,114793000
2016-02-22,38500,0,103640300
2016-02-23,12700,0,111455300
2016-02-24,11800,0,150812200
2016-02-25,6000,0,110728300
2016-02-26,13000,0,129833700
2016-02-29,2500,0,125918100
2016-03-01,13100,0,141799700
2016-03-02,1700,0,102415000
2016-03-03,20600,0,95172200
2016-03-04,64700,0,129293600
2016-03-07,2600,0,100219000
2016-03-08,19900,0,123974900
2016-03-09,7500,0,94801200
2016-03-10,18700,0,156838700
2016-03-11,41700,0,137964500
2016-03-14,9400,0,73612000
2016-03-15,8900,0,93169100
2016-03-16,5100,0,129303200
2016-03-17,60000,0,134278500
2016-03-18,32000,0,138372400
2016-03-21,23100,0,72926700
2016-03-22,12500,0,97471900
2016-03-23,19500,0,81052500
2016-03-24,94700,0,84360900
2016-03-28,6800,0,62408200
2016-03-29,7400,0,92922900
2016-03-30,71400,0,86365300
2016-03-31,12600,0,94584100
2016-04-01,66900,0,114423500
2016-04-04,20200,0,63497000
2016-04-05,11100,0,99662200
2016-04-06,9300,0,91839800
2016-04-07,31900,0,113859000
2016-04-08,15700,0,95040600
2016-04-11,4900,0,83757500
2016-04-12,9300,0,115350600
2016-04-13,12600,0,96336400
2016-04-14,6100,0,65212900
2016-04-15,2600,0,75761600
2016-04-18,29600,0,82531000
2016-04-19,17800,0,88316100
2016-04-20,104500,0,81100300
2016-04-21,11400,0,85695000
2016-04-22,22800,0,99251700
2016-04-25,13200,0,66166500
2016-04-26,1200,0,75864200
2016-04-27,78900,0,77329400
2016-04-28,61400,0,97216200
2016-04-29,248800,0,142424100
2016-05-02,11600,0,62188000
2016-05-03,13800,0,106422100
2016-05-04,13300,0,92243800
2016-05-05,1800,0,67619200
2016-05-06,8800,0,89315000
2016-05-09,17000,0,74374900
2016-05-10,9400,0,77472200
2016-05-11,8000,0,81727000
2016-05-12,1600,0,89586300
2016-05-13,36900,0,96474600
2016-05-16,6300,0,77486800
2016-05-17,27100,0,114924900
2016-05-18,5400,0,120062100
2016-05-19,20000,0,115430500
2016-05-20,3500,0,104990400
2016-05-23,36500,0,58682600
2016-05-24,13400,0,93537800
2016-05-25,97900,0,76621400
2016-05-26,5800,0,55280700
2016-05-27,8400,0,64211200
2016-05-31,24000,0,109879400
2016-06-01,15900,0,69936200
2016-06-02,15100,0,63044700
2016-06-03,32900,0,101757100
2016-06-06,20600,0,64887000
2016-06-07,14400,0,60974800
2016-06-08,8700,0,66170900
2016-06-09,105200,0,73786900
2016-06-10,37000,0,113829200
2016-06-13,42400,0,117751200
2016-06-14,142500,0,125059300
2016-06-15,30500,0,109124500
2016-06-16,58400,0,149533100
2016-06-17,43300,0,117055700
2016-06-20,52800,0,82789600
2016-06-21,47500,0,72461700
2016-06-22,159800,0,95560500
2016-06-23,85900,0,102731400
2016-06-24,206400,0,333444400
2016-06-27,198600,0,230775800
2016-06-28,41900,0,159382400
2016-06-29,44200,0,137328600
2016-06-30,148600,0,165021900
2016-07-01,43000,0,106055300
2016-07-05,42300,0,109803700
2016-07-06,24700,0,96021500
2016-07-07,28600,0,85593800
2016-07-08,67100,0,133971000
2016-07-11,44100,0,73633900
2016-07-12,32000,0,101275600
2016-07-13,80700,0,87324100
2016-07-14,47600,0,91230900
2016-07-15,45400,0,107155400
2016-07-18,41700,0,58725900
2016-07-19,37900,0,54345700
2016-07-20,60000,0,58159500
2016-07-21,58500,0,67777300
2016-07-22,41300,0,62787500
2016-07-25,86800,0,55873100
2016-07-26,82400,0,70080500
2016-07-27,69400,0,84083900
2016-07-28,74600,0,65035700
2016-07-29,63800,0,79519400
2016-08-01,33600,0,73311400
2016-08-02,44800,0,92295500
2016-08-03,39400,0,53993600
2016-08-04,25700,0,46585500
2016-08-05,42000,0,71892200
2016-08-08,31700,0,39906500
2016-08-09,106600,0,51251700
2016-08-10,90200,0,57941100
2016-08-11,60100,0,72504300
2016-08-12,12500,0,61313500
2016-08-15,20600,0,49813500
2016-08-16,14700,0,53213600
2016-08-17,26800,0,75134300
2016-08-18,19100,0,52989300
2016-08-19,16100,0,75443000
2016-08-22,23000,0,61368800
2016-08-23,15300,0,53399200
2016-08-24,26000,0,71728900
2016-08-25,40200,0,69224800
2016-08-26,17800,0,122506300
2016-08-29,3100,0,70502200
2016-08-30,24300,0,58114500
2016-08-31,41800,0,85269500
2016-09-01,20500,0,97844200
2016-09-02,16200,0,79293900
2016-09-06,13400,0,56702100
2016-09-07,173200,0,76554900
2016-09-08,12800,0,74102900
2016-09-09,52100,0,221589100
2016-09-12,30600,0,168110900
2016-09-13,61700,0,182828800
2016-09-14,18000,0,134185500
2016-09-15,62900,0,134427900
2016-09-16,79400,0,155236400
2016-09-19,99800,0,80250500
2016-09-20,25400,0,69665300
2016-09-21,33000,0,110284400
2016-09-22,70300,0,76678700
2016-09-23,19600,0,73630900
2016-09-26,35300,0,89827300
2016-09-27,20000,0,78494800
2016-09-28,18600,0,87411000
2016-09-29,18300,0,128070600
2016-09-30,44800,0,117202900
2016-10-03,4500,0,83512100
2016-10-04,45800,0,119948100
2016-10-05,29900,0,72816000
2016-10-06,7200,0,62927400
2016-10-07,51900,0,89788300
2016-10-10,79900,0,51855000
2016-10-11,39300,0,130367400
2016-10-12,44900,0,73866100
2016-10-13,17100,0,101357000
2016-10-14,12000,0,93346200
2016-10-17,43700,0,58275700
2016-10-18,39800,0,76869700
2016-10-19,32600,0,66519200
2016-10-20,15000,0,73639800
2016-10-21,40000,0,89089100
2016-10-24,48300,0,60146600
2016-10-25,7600,0,66542300
2016-10-26,28900,0,75705500
2016-10-27,38300,0,77220200
2016-10-28,28100,0,140623200
2016-10-31,36000,0,61272500
2016-11-01,54800,0,122781800
2016-11-02,14200,0,103330800
2016-11-03,81500,0,88939300
2016-11-04,40900,0,109122100
2016-11-07,95600,0,109794900
2016-11-08,47200,0,106772100
2016-11-09,288200,0,258429000
2016-11-10,90100,0,172113300
2016-11-11,35300,0,100552700
2016-11-14,17600,0,94580000
2016-11-15,50100,0,91652600
2016-11-16,49400,0,65617700
2016-11-17,61700,0,69797200
2016-11-18,50000,0,86265800
2016-11-21,26100,0,72402600
2016-11-22,30900,0,67429000
2016-11-23,14700,0,56620200
2016-11-25,9400,0,37872300
2016-11-28,9600,0,76572500
2016-11-29,13000,0,69886700
2016-11-30,38000,0,113291800
2016-12-01,22800,0,79040500
2016-12-02,33400,0,74840300
2016-12-05,7400,0,67837800
2016-12-06,9500,0,59877400
2016-12-07,73200,0,110738100
2016-12-08,51900,0,99714400
2016-12-09,11100,0,88005800
2016-12-12,31100,0,102016100
2016-12-13,29500,0,110477500
2016-12-14,24300,0,142501800
2016-12-15,69300,0,124972600
2016-12-16,8200,0,156420200
2016-12-19,16800,0,90341100
2016-12-20,21500,0,89838800
2016-12-21,25100,0,67909000
2016-12-22,40500,0,56219100
2016-12-23,11800,0,36697800
2016-12-27,11200,0,42672500
2016-12-28,13200,0,64095000
2016-12-29,17100,0,48696100
2016-12-30,26000,0,108998300
2017-01-03,52700,0,91366500
2017-01-04,20800,0,78744400
2017-01-05,22600,0,78379000
2017-01-06,13900,0,71559900
2017-01-09,28400,0,46939700
2017-01-10,7700,0,63771900
2017-01-11,12800,0,74650000
2017-01-12,40400,0,72113200
2017-01-13,14700,0,62717900
2017-01-17,25300,0,61240800
2017-01-18,13400,0,54793300
2017-01-19,73700,0,66608800
2017-01-20,27700,0,129168600
2017-01-23,28200,0,75061600
2017-01-24,34800,0,95555300
2017-01-25,80200,0,84437700
2017-01-26,7800,0,59970700
2017-01-27,39800,0,59711100
2017-01-30,15800,0,79737300
2017-01-31,7400,0,75880800
2017-02-01,10400,0,79117700
2017-02-02,50100,0,69657600
2017-02-03,31100,0,80563200
2017-02-06,16200,0,57790100
2017-02-07,10800,0,57931200
2017-02-08,23000,0,51566200
2017-02-09,6100,0,65955200
2017-02-10,5900,0,66015900
2017-02-13,16700,0,55182100
2017-02-14,29800,0,71109000
2017-02-15,45900,0,86785800
2017-02-16,19000,0,84722400
2017-02-17,15800,0,77204100
2017-02-21,9600,0,88946100
2017-02-22,27300,0,62115200
2017-02-23,28000,0,74615900
2017-02-24,23200,0,82381600
2017-02-27,10400,0,56515400
2017-02-28,29200,0,96961900
2017-03-01,16400,0,149158200
2017-03-02,26400,0,70246000
2017-03-03,80100,0,81974300
2017-03-06,6500,0,55391500
2017-03-07,8200,0,65103700
2017-03-08,22300,0,78168800
2017-03-09,12700,0,90683900
2017-03-10,16800,0,81991700
2017-03-13,131600,0,57256800
2017-03-14,15700,0,59880800
2017-03-15,8700,0,96081800
2017-03-16,14700,0,78344000
2017-03-17,9100,0,89002100
2017-03-20,10800,0,52537000
2017-03-21,50000,0,131809300
2017-03-22,29600,0,97569200
2017-03-23,130200,0,100410300
2017-03-24,19700,0,112504900
2017-03-27,25800,0,87454500
2017-03-28,61700,0,93483900
2017-03-29,13000,0,61950400
2017-03-30,3300,0,56737900
2017-03-31,5000,0,73733100
2017-04-03,41800,0,85546500
2017-04-04,75200,0,56466200
2017-04-05,20200,0,108800600
2017-04-06,42200,0,69135800
2017-04-07,6800,0,74412300
2017-04-10,3800,0,67615300
2017-04-11,12600,0,88045300
2017-04-12,29400,0,81864400
2017-04-13,19800,0,92880400
2017-04-17,6300,0,68405400
2017-04-18,14200,0,83225800
2017-04-19,18900,0,68699900
2017-04-20,8500,0,92572200
2017-04-21,14900,0,110389800
2017-04-24,39500,0,119209900
2017-04-25,43100,0,76698300
2017-04-26,10200,0,84702500
2017-04-27,3700,0,57410300
2017-04-28,15000,0,63532800
2017-05-01,15300,0,66882500
2017-05-02,37300,0,57375700
2017-05-03,31100,0,73137700
2017-05-04,4600,0,61462700
2017-05-05,17300,0,62001300
2017-05-08,20600,0,48385700
2017-05-09,40400,0,51363200
2017-05-10,32300,0,54293800
2017-05-11,20700,0,62358300
2017-05-12,14700,0,53912700
2017-05-15,11300,0,61918900
2017-05-16,5100,0,51241800
2017-05-17,52400,0,172174100
2017-05-18,48700,0,107047700
2017-05-19,15300,0,115011400
2017-05-22,10200,0,61010600
2017-05-23,9200,0,48341700
2017-05-24,10400,0,46927700
2017-05-25,9200,0,64071700
2017-05-26,10300,0,46629900
2017-05-30,18600,0,35201900
2017-05-31,24100,0,91796000
2017-06-01,8000,0,68962000
2017-06-02,3600,0,88666100
2017-06-05,5400,0,44698800
2017-06-06,3600,0,50375400
2017-06-07,14200,0,54144300
2017-06-08,10000,0,65950700
2017-06-09,20500,0,132256400
2017-06-12,17600,0,86108100
2017-06-13,14700,0,60067000
2017-06-14,12600,0,78602300
2017-06-15,23600,0,66464900
2017-06-16,158900,0,84553100
2017-06-19,86800,0,65123800
2017-06-20,16100,0,56906400
2017-06-21,27500,0,55977600
2017-06-22,21500,0,44148100
2017-06-23,8700,0,66986800
2017-06-26,7600,0,56700500
2017-06-27,21000,0,82247700
2017-06-28,21600,0,70042600
2017-06-29,17800,0,106949700
2017-06-30,8500,0,86820700
2017-07-03,15100,0,39153800
2017-07-05,11400,0,54427600
2017-07-06,29200,0,65400800
2017-07-07,4900,0,57972300
2017-07-10,17300,0,36663300
2017-07-11,18600,0,50354600
2017-07-12,15100,0,59610400
2017-07-13,22500,0,39471600
2017-07-14,17100,0,60262700
2017-07-17,43000,0,33531900
2017-07-18,38100,0,42742500
2017-07-19,56300,0,51034300
2017-07-20,18800,0,47135200
2017-07-21,58100,0,82340800
2017-07-24,22900,0,46622300
2017-07-25,76600,0,54915600
2017-07-26,47000,0,47575400
2017-07-27,49200,0,70766600
2017-07-28,22200,0,50088400
2017-07-31,26200,0,65838700
2017-08-01,45800,0,55050400
2017-08-02,55400,0,47211200
2017-08-03,23200,0,40856000
2017-08-04,156900,0,60191800
2017-08-07,7700,0,31995000
2017-08-08,62100,0,61719400
2017-08-09,155800,0,62632600
2017-08-10,199200,0,120479500
2017-08-11,136500,0,74869900
2017-08-14,123000,0,73291900
2017-08-15,88900,0,55242700
2017-08-16,67400,0,56715500
2017-08-17,156600,0,128490400
2017-08-18,86600,0,136748000
2017-08-21,47900,0,65469700
2017-08-22,29300,0,63140100
2017-08-23,21900,0,50203800
2017-08-24,23000,0,50741700
2017-08-25,18900,0,64445900
2017-08-28,18800,0,40565600
2017-08-29,20500,0,51135700
2017-08-30,10700,0,62030800
2017-08-31,12900,0,103803900
2017-09-01,26000,0,62007000
2017-09-05,56400,0,91398800
2017-09-06,68900,0,57916900
2017-09-07,28100,0,58034700
2017-09-08,160900,0,63832800
2017-09-11,39100,0,71364800
2017-09-12,32900,0,56896000
2017-09-13,26400,0,59228000
2017-09-14,19600,0,95446300
2017-09-15,25000,0,95432400
2017-09-18,93200,0,46235200
2017-09-19,25700,0,47108100
2017-09-20,46300,0,59574100
2017-09-21,36900,0,48211400
2017-09-22,25000,0,51214000
2017-09-25,24500,0,57064400
2017-09-26,26600,0,54082000
2017-09-27,11000,0,81001400
2017-09-28,166500,0,44778800
2017-09-29,32300,0,85578000
2017-10-02,31200,0,59023000
2017-10-03,129600,0,66810200
2017-10-04,5600,0,55953600
2017-10-05,77300,0,63522800
2017-10-06,31700,0,80646000
2017-10-09,41000,0,35803100
2017-10-10,27800,0,43057400
2017-10-11,19900,0,47674300
2017-10-12,11000,0,47065100
2017-10-13,24400,0,54800400
2017-10-16,24300,0,38221700
2017-10-17,29900,0,31561000
2017-10-18,115400,0,40888300
2017-10-19,75300,0,61903800
2017-10-20,38800,0,89176400
2017-10-23,47300,0,63915300
2017-10-24,17500,0,66935900
2017-10-25,54000,0,103715300
2017-10-26,31600,0,69798000
2017-10-27,38000,0,85562500
2017-10-30,72700,0,54285700
2017-10-31,23500,0,60304800
2017-11-01,165100,0,54202700
2017-11-02,17200,0,56449500
2017-11-03,7500,0,59589700
2017-11-06,33500,0,49652600
2017-11-07,49100,0,57502200
2017-11-08,10800,0,50469600
2017-11-09,65500,0,95085500
2017-11-10,47400,0,59984700
2017-11-13,40700,0,50228600
2017-11-14,38700,0,61315200
2017-11-15,108100,0,80811500
2017-11-16,64800,0,67777000
2017-11-17,20100,0,75756800
2017-11-20,22900,0,48075500
2017-11-21,46500,0,69176800
2017-11-22,45400,0,45033400
2017-11-24,99800,0,27856500
2017-11-27,87800,0,52274900
2017-11-28,23100,0,98971700
2017-11-29,21100,0,77512100
2017-11-30,21900,0,127894400
2017-12-01,129000,0,164390900
2017-12-04,53900,0,94040600
2017-12-05,20800,0,77994500
2017-12-06,26000,0,75898600
2017-12-07,28900,0,77218600
2017-12-08,38900,0,76563900
2017-12-11,46800,0,83077500
2017-12-12,50100,0,85195800
2017-12-13,27100,0,102905400
2017-12-14,19900,0,100666700
2017-12-15,46100,0,144610300
2017-12-18,119600,0,83653600
2017-12-19,42000,0,82382900
2017-12-20,35000,0,76751500
2017-12-21,142500,0,67032300
2017-12-22,25900,0,78720900
2017-12-26,37700,0,45244400
2017-12-27,197400,0,57751000
2017-12-28,144400,0,45116100
2017-12-29,39600,0,96007400
2018-01-02,25700,0,86655700
2018-01-03,45900,0,90070400
2018-01-04,20600,0,80636400
2018-01-05,26800,0,83524000
2018-01-08,13600,0,57319200
2018-01-09,21500,0,57254000
2018-01-10,27700,0,69574300
2018-01-11,24800,0,62361500
2018-01-12,28900,0,90816100
2018-01-16,162100,0,106555100
2018-01-17,43800,0,113258800
2018-01-18,36800,0,100728000
2018-01-19,26200,0,140920100
2018-01-22,33700,0,91322400
2018-01-23,11700,0,97084700
2018-01-24,29900,0,134816100
2018-01-25,20500,0,84587300
2018-01-26,54100,0,107743100
2018-01-29,88200,0,90118300
2018-01-30,89600,0,131796400
2018-01-31,30100,0,108364800
2018-02-01,27900,0,90102500
2018-02-02,166900,0,173174800
2018-02-05,270200,0,294681800
2018-02-06,472600,0,355026800
2018-02-07,238300,0,167376100
2018-02-08,240200,0,246449500
2018-02-09,163300,0,283565300
2018-02-12,122800,0,143736000
2018-02-13,52600,0,81223600
2018-02-14,29200,0,120735700
2018-02-15,26700,0,111200300
2018-02-16,29100,0,160420100
2018-02-20,47600,0,86369700
2018-02-21,18000,0,98883700
2018-02-22,21600,0,110511300
2018-02-23,12400,0,92766400
2018-02-26,29400,0,86491400
2018-02-27,10100,0,99099200
2018-02-28,13200,0,121907800
2018-03-01,49500,0,176855100
2018-03-02,46300,0,139083200
2018-03-05,30100,0,97307400
2018-03-06,17600,0,79213200
2018-03-07,11700,0,87063500
2018-03-08,17100,0,66901200
2018-03-09,42300,0,113625300
2018-03-12,14600,0,71924800
2018-03-13,23200,0,91968900
2018-03-14,8000,0,105895100
2018-03-15,119200,0,83433000
2018-03-16,13200,0,100343700
2018-03-19,47500,0,109208400
2018-03-20,33300,0,59757300
2018-03-21,58400,0,78709600
2018-03-22,36300,0,148785900
2018-03-23,158500,0,183534800
2018-03-26,51100,0,141956100
2018-03-27,30500,0,129941400
2018-03-28,43800,0,146452300
2018-03-29,35500,0,111601600
2018-04-02,110700,0,186286300
2018-04-03,23300,0,119956900
2018-04-04,43400,0,123715300
2018-04-05,27000,0,82652600
2018-04-06,31700,0,179521200
2018-04-09,16700,0,105442900
2018-04-10,8400,0,103529000
2018-04-11,28100,0,91140200
2018-04-12,16600,0,68890500
2018-04-13,51800,0,85079200
2018-04-16,34000,0,63405300
2018-04-17,53000,0,64682000
2018-04-18,16600,0,57303900
2018-04-19,8000,0,77655900
2018-04-20,10100,0,99953100
2018-04-23,17800,0,65558000
2018-04-24,8000,0,112885500
2018-04-25,7700,0,103840900
2018-04-26,19000,0,67731900
2018-04-27,3400,0,57053600
2018-04-30,3000,0,82182300
2018-05-01,5100,0,74203400
2018-05-02,12900,0,86368900
2018-05-03,28700,0,136311500
2018-05-04,25700,0,91222100
2018-05-07,9500,0,55304900
2018-05-08,5400,0,67499200
2018-05-09,30600,0,59666100
2018-05-10,21400,0,72063900
2018-05-11,28000,0,59871500
2018-05-14,52100,0,54790600
2018-05-15,22800,0,87036100
2018-05-16,8700,0,53942600
2018-05-17,13800,0,56536400
2018-05-18,12400,0,64368000
2018-05-21,50100,0,58025900
2018-05-22,11900,0,52966400
2018-05-23,13800,0,64694200
2018-05-24,10800,0,76043800
2018-05-25,7300,0,56374800
2018-05-29,31700,0,115908600
2018-05-30,20800,0,69678400
2018-05-31,8200,0,93519900
2018-06-01,9000,0,71258400
2018-06-04,6900,0,45385200
2018-06-05,6600,0,51135000
2018-06-06,14100,0,62732200
2018-06-07,14400,0,72969400
2018-06-08,6200,0,72139700
2018-06-11,16700,0,58892500
2018-06-12,21400,0,72329000
2018-06-13,14300,0,79070600
2018-06-14,20200,0,77097600
2018-06-15,9300,0,120041600
2018-06-18,18800,0,52917600
2018-06-19,19400,0,97531500
2018-06-20,29500,0,53785500
2018-06-21,18200,0,71061400
2018-06-22,46900,0,54898500
2018-06-25,39300,0,137854200
2018-06-26,8800,0,68547400
2018-06-27,14500,0,105110700
2018-06-28,11600,0,76650500
2018-06-29,77500,0,97592500
2018-07-02,32600,0,63554800
2018-07-03,6000,0,42187100
2018-07-05,22700,0,56925900
2018-07-06,18700,0,66493700
2018-07-09,32600,0,50550400
2018-07-10,19900,0,51966800
2018-07-11,24100,0,77054700
2018-07-12,23600,0,60124700
2018-07-13,9200,0,48216000
2018-07-16,9600,0,48201000
2018-07-17,6300,0,52315500
2018-07-18,8600,0,44593500
2018-07-19,3800,0,61412100
2018-07-20,12700,0,82337700
2018-07-23,22600,0,47047600
2018-07-24,22700,0,68026900
2018-07-25,7600,0,78882900
2018-07-26,5800,0,57919500
2018-07-27,24700,0,76768700
2018-07-30,12100,0,63742500
2018-07-31,11800,0,68570500
2018-08-01,12000,0,53853300
2018-08-02,20500,0,63426400
2018-08-03,12700,0,53935400
2018-08-06,24900,0,39400900
2018-08-07,27300,0,43196600
2018-08-08,9400,0,42114600
2018-08-09,5600,0,35717000
2018-08-10,34400,0,77076000
2018-08-13,12200,0,65732900
2018-08-14,8200,0,43842000
2018-08-15,25900,0,102925400
2018-08-16,25200,0,69967900
2018-08-17,25300,0,65618500
2018-08-20,25600,0,39807500
2018-08-21,15600,0,67272000
2018-08-22,9400,0,44993300
2018-08-23,12300,0,49204900
2018-08-24,7900,0,57487400
2018-08-27,10600,0,57072400
2018-08-28,13300,0,46943500
2018-08-29,8900,0,61485500
2018-08-30,10400,0,61229500
2018-08-31,18900,0,66140800
2018-09-04,23700,0,57594400
2018-09-05,21300,0,72452400
2018-09-06,22500,0,65909900
2018-09-07,15100,0,73524800
2018-09-10,17000,0,50210900
2018-09-11,14000,0,50530500
2018-09-12,30700,0,59810800
2018-09-13,11300,0,51034200
2018-09-14,13000,0,55079900
2018-09-17,16400,0,68244000
2018-09-18,14300,0,61930400
2018-09-19,13500,0,49080600
2018-09-20,17300,0,100360600
2018-09-21,25800,0,105479700
2018-09-24,36400,0,53409600
2018-09-25,8300,0,44370000
2018-09-26,13000,0,79739700
2018-09-27,10800,0,59249500
2018-09-28,8200,0,70091400
2018-10-01,13300,0,62078900
2018-10-02,8300,0,47258200
2018-10-03,17000,0,64694600
2018-10-04,181700,0,111545900
2018-10-05,59200,0,105951700
2018-10-08,154200,0,87742200
2018-10-09,31100,0,74339000
2018-10-10,76700,0,214731000
2018-10-11,118000,0,274840500
2018-10-12,57000,0,183186500
2018-10-15,28200,0,102263700
2018-10-16,78700,0,118255800
2018-10-17,55900,0,110626000
2018-10-18,30300,0,134557500
2018-10-19,13800,0,139901600
2018-10-22,22800,0,82415800
2018-10-23,74300,0,146352700
2018-10-24,132600,0,177806700
2018-10-25,39700,0,138061500
2018-10-26,201700,0,201574600
2018-10-29,546700,0,160749100
2018-10-30,305700,0,157116000
2018-10-31,415600,0,128296300
2018-11-01,24300,0,99495000
2018-11-02,33600,0,122634100
2018-11-05,6200,0,65622500
2018-11-06,29500,0,60085900
2018-11-07,138400,0,102752100
2018-11-08,51300,0,65584900
2018-11-09,44800,0,98812600
2018-11-12,43600,0,99673600
2018-11-13,40000,0,98176600
2018-11-14,94300,0,125335900
2018-11-15,46800,0,135101400
2018-11-16,51200,0,126668000
2018-11-19,38100,0,103061700
2018-11-20,64300,0,136021300
2018-11-21,34900,0,75563700
2018-11-23,6300,0,42807900
2018-11-26,56500,0,79981400
2018-11-27,89300,0,75502400
2018-11-28,23200,0,127629600
2018-11-29,21200,0,82346400
2018-11-30,8900,0,98204200
2018-12-03,165400,0,103176300
2018-12-04,47500,0,177986000
2018-12-06,118500,0,204185400
2018-12-07,60800,0,161018900
2018-12-10,35900,0,151445900
2018-12-11,31100,0,121504400
2018-12-12,43400,0,97976700
2018-12-13,37400,0,96662700
2018-12-14,8300,0,116961100
2018-12-17,104400,0,165492300
2018-12-18,64700,0,134515100
2018-12-19,101900,0,214992800
2018-12-20,369500,0,252053400
2018-12-21,103700,0,255345600
2018-12-24,101500,0,147311600
2018-12-26,101900,0,218485400
2018-12-27,109200,0,186267300
2018-12-28,62600,0,153100200
2018-12-31,33200,0,144299400
2019-01-02,37800,0,126925200
2019-01-03,35600,0,144140700
2019-01-04,17900,0,142628800
2019-01-07,29600,0,103139100
2019-01-08,12200,0,102512600
2019-01-09,35100,0,95006600
2019-01-10,38300,0,96823900
2019-01-11,32500,0,73858100
2019-01-14,38800,0,70908200
2019-01-15,34700,0,85208300
2019-01-16,53000,0,77636700
2019-01-17,53200,0,96118400
2019-01-18,19100,0,127900300
2019-01-22,48900,0,115531200
2019-01-23,235900,0,86030300
2019-01-24,17700,0,59204100
2019-01-25,20000,0,96883400
2019-01-28,150000,0,85613700
2019-01-29,20500,0,66136300
2019-01-30,28100,0,92473700
2019-01-31,62000,0,104012100
2019-02-01,35700,0,85782500
2019-02-04,48100,0,60744800
2019-02-05,76900,0,79552800
2019-02-06,19700,0,58347800
2019-02-07,22000,0,95482000
2019-02-08,118600,0,75788900
2019-02-11,20500,0,68021400
2019-02-12,11100,0,72270200
2019-02-13,21300,0,65277200
2019-02-14,17600,0,83234400
2019-02-15,73300,0,97088700
2019-02-19,21500,0,59120800
2019-02-20,34900,0,76610800
2019-02-21,17500,0,64214700
2019-02-22,23800,0,78114600
2019-02-25,105300,0,69030700
2019-02-26,19500,0,56844100
2019-02-27,33100,0,56921600
2019-02-28,114000,0,69268300
2019-03-01,44100,0,78880500
2019-03-04,33100,0,106494600
2019-03-05,11800,0,59114600
2019-03-06,18200,0,75039800
2019-03-07,36100,0,94885100
2019-03-08,64400,0,85795800
2019-03-11,25800,0,65098900
2019-03-12,40800,0,79667500
2019-03-13,44200,0,80639200
2019-03-14,10500,0,67518400
2019-03-15,82600,0,81309000
2019-03-18,66100,0,62199800
2019-03-19,25800,0,90268100
2019-03-20,111700,0,84609200
2019-03-21,30600,0,79550400
2019-03-22,90800,0,122659300
2019-03-25,94600,0,85575200
2019-03-26,53200,0,68125900
2019-03-27,15400,0,72224700
2019-03-28,7900,0,56238500
2019-03-29,17600,0,82186800
2019-04-01,32300,0,77617900
2019-04-02,5600,0,40070400
2019-04-03,18700,0,68243200
2019-04-04,5100,0,48997500
2019-04-05,59100,0,58621700
2019-04-08,43600,0,53566300
2019-04-09,61200,0,66142300
2019-04-10,49400,0,52601500
2019-04-11,10400,0,55093100
2019-04-12,70800,0,69727800
2019-04-15,51600,0,49596700
2019-04-16,941000,0,52153200
2019-04-17,70900,0,58268300
2019-04-18,15100,0,68708500
2019-04-22,9400,0,40160100
2019-04-23,54900,0,52246600
2019-04-24,64800,0,50392900
2019-04-25,18700,0,57770900
2019-04-26,17800,0,50916400
2019-04-29,15800,0,57197700
2019-04-30,6800,0,81111700
2019-05-01,69800,0,71671900
2019-05-02,95400,0,65030200
2019-05-03,18500,0,56543700
2019-05-06,96200,0,107198100
2019-05-07,144400,0,144729900
2019-05-08,129400,0,91568300
2019-05-09,41100,0,103471100
2019-05-10,46100,0,112429300
2019-05-13,44400,0,127290500
2019-05-14,213500,0,77003200
2019-05-15,41500,0,73956400
2019-05-16,19400,0,76749600
2019-05-17,18600,0,100353000
2019-05-20,35100,0,62877600
2019-05-21,12100,0,46847100
2019-05-22,7600,0,49482500
2019-05-23,31300,0,98733800
2019-05-24,67100,0,55268100
2019-05-28,22500,0,70029400
2019-05-29,45600,0,104972900
2019-05-30,16100,0,62523800
2019-05-31,24800,0,86862800
2019-06-03,76900,0,96428000
2019-06-04,60800,0,77231900
2019-06-05,31800,0,71169700
2019-06-06,47600,0,69430400
2019-06-07,11400,0,74272200
2019-06-10,61800,0,60799100
2019-06-11,23400,0,58641300
2019-06-12,13600,0,47096300
2019-06-13,8300,0,48945200
2019-06-14,14100,0,52324700
2019-06-17,9600,0,39205700
2019-06-18,48200,0,85434800
2019-06-19,23800,0,78674400
2019-06-20,38500,0,116570000
2019-06-21,76300,0,83309500
2019-06-24,59500,0,47582700
2019-06-25,23800,0,82028700
2019-06-26,7700,0,51584900
2019-06-27,11300,0,40355200
2019-06-28,5300,0,59350900
2019-07-01,51600,0,78705600
2019-07-02,19600,0,61504500
2019-07-03,16600,0,40898900
2019-07-05,32000,0,51677300
2019-07-08,28800,0,45841800
2019-07-09,7200,0,41101300
2019-07-10,36600,0,58448500
2019-07-11,42000,0,50826100
2019-07-12,28700,0,40326000
2019-07-15,21400,0,33900000
2019-07-16,12600,0,36650100
2019-07-17,35400,0,36036300
2019-07-18,29300,0,51392600
2019-07-19,13200,0,58678600
2019-07-22,22700,0,43638100
2019-07-23,52000,0,44564500
2019-07-24,24200,0,47213200
2019-07-25,49500,0,55394100
2019-07-26,16400,0,45084100
2019-07-29,55100,0,38126500
2019-07-30,146600,0,45849000
2019-07-31,26900,0,104245200
2019-08-01,138800,0,142646600
2019-08-02,174600,0,116749700
2019-08-05,99400,0,178745400
2019-08-06,101000,0,120711700
2019-08-07,81700,0,140572300
2019-08-08,212600,0,87713900
2019-08-09,83700,0,93730000
2019-08-12,14200,0,65527600
2019-08-13,47900,0,94299800
2019-08-14,172300,0,135622100
2019-08-15,49300,0,99556600
2019-08-16,39000,0,83018300
2019-08-19,44400,0,53571800
2019-08-20,40500,0,51596400
2019-08-21,14800,0,49524700
2019-08-22,12300,0,51666400
2019-08-23,32800,0,149161500
2019-08-26,63100,0,72423800
2019-08-27,62300,0,66668900
2019-08-28,66500,0,59696700
2019-08-29,25000,0,57899400
2019-08-30,14200,0,62901200
2019-09-03,13500,0,69101400
2019-09-04,44100,0,46887300
2019-09-05,47200,0,83258100
2019-09-06,50300,0,49584300
2019-09-09,32600,0,51260300
2019-09-10,14000,0,57947100
2019-09-11,3600,0,68821100
2019-09-12,44300,0,72908700
2019-09-13,49500,0,62104800
2019-09-16,18300,0,58191200
2019-09-17,3700,0,41475500
2019-09-18,18400,0,73375800
2019-09-19,23600,0,76560500
2019-09-20,17300,0,89565000
2019-09-23,54800,0,43476800
2019-09-24,191400,0,94869400
2019-09-25,27000,0,71854000
2019-09-26,40700,0,56179700
2019-09-27,31100,0,84746600
2019-09-30,25400,0,51662400
2019-10-01,30100,0,88242400
2019-10-02,331800,0,122539500
2019-10-03,162300,0,85278800
2019-10-04,21600,0,65091200
2019-10-07,34600,0,59610500
2019-10-08,89600,0,95708100
2019-10-09,10000,0,62359400
2019-10-10,9900,0,55296300
2019-10-11,84500,0,98720400
2019-10-14,126800,0,40394800
2019-10-15,225600,0,46754500
2019-10-16,12100,0,48928200
2019-10-17,15100,0,45736600
2019-10-18,37500,0,64304000
2019-10-21,16700,0,39048600
2019-10-22,104900,0,48594700
2019-10-23,39600,0,34352200
2019-10-24,10100,0,35453100
2019-10-25,14600,0,45205400
2019-10-28,58200,0,42147000
2019-10-29,15800,0,44284900
2019-10-30,16400,0,49643900
2019-10-31,22200,0,69053800
2019-11-01,148800,0,71141500
2019-11-04,15300,0,60606900
2019-11-05,33500,0,42933200
2019-11-06,16000,0,46487100
2019-11-07,21200,0,54272300
2019-11-08,12500,0,49032100
2019-11-11,13700,0,35797300
2019-11-12,10900,0,46484600
2019-11-13,14900,0,53917700
2019-11-14,76200,0,51219900
2019-11-15,17600,0,62023600
2019-11-18,70900,0,49228000
2019-11-19,24700,0,67804700
2019-11-20,18000,0,79406200
2019-11-21,15900,0,54664700
2019-11-22,8700,0,44850200
2019-11-25,26300,0,48647200
2019-11-26,20500,0,37569000
2019-11-27,14400,0,44444600
2019-11-29,9300,0,36592700
2019-12-02,183200,0,75767800
2019-12-03,112400,0,73941700
2019-12-04,19600,0,49080000
2019-12-05,19200,0,40709000
2019-12-06,21900,0,48927000
2019-12-09,24500,0,34838500
2019-12-10,24900,0,52649800
2019-12-11,14100,0,53429100
2019-12-12,22600,0,96389600
2019-12-13,25800,0,81503900
2019-12-16,69600,0,82749700
2019-12-17,75100,0,61097700
2019-12-18,41900,0,48133000
2019-12-19,18500,0,85310500
2019-12-20,36800,0,147142100
2019-12-23,95700,0,52990000
2019-12-24,118500,0,20270000
2019-12-26,36800,0,30911200
2019-12-27,53100,0,42528800
2019-12-30,83200,0,49729100
2019-12-31,22900,0,57077300
2020-01-02,41900,0,59151200
2020-01-03,60200,0,77709700
2020-01-06,33200,0,55653900
2020-01-07,25000,0,40496400
2020-01-08,55600,0,68296000
2020-01-09,45400,0,48473300
2020-01-10,106100,0,53029300
2020-01-13,16700,0,47086800
2020-01-14,35000,0,62832800
2020-01-15,16500,0,72056600
2020-01-16,39400,0,54050300
2020-01-17,27100,0,95846000
2020-01-21,66000,0,77742400
2020-01-22,32600,0,48914900
2020-01-23,54100,0,51963000
2020-01-24,212200,0,87578400
2020-01-27,279200,0,84062500
2020-01-28,41100,0,63834000
2020-01-29,77700,0,53888900
2020-01-30,43500,0,75491800
2020-01-31,91800,0,113845600
2020-02-03,41800,0,69083000
2020-02-04,213100,0,62573200
2020-02-05,27700,0,65951100
2020-02-06,8900,0,50359700
2020-02-07,11900,0,64139400
2020-02-10,2300,0,42070000
2020-02-11,18100,0,54864500
2020-02-12,17600,0,43992700
2020-02-13,57500,0,54501900
2020-02-14,6200,0,64582200
2020-02-18,15400,0,57226200
2020-02-19,65800,0,48814700
2020-02-20,20400,0,74163400
2020-02-21,41600,0,113788200
2020-02-24,320600,0,161088400
2020-02-25,361400,0,218913200
2020-02-26,99900,0,194773800
2020-02-27,283000,0,284353500
2020-02-28,368100,0,384975800
2020-03-02,213400,0,238703600
2020-03-03,103100,0,300139100
2020-03-04,38600,0,176613400
2020-03-05,192800,0,186366800
2020-03-06,345900,0,228667200
2020-03-09,276500,0,309417300
2020-03-10,147000,0,276444100
2020-03-11,99100,0,255316300
2020-03-12,245100,0,392220700
2020-03-13,207800,0,329566100
2020-03-16,148300,0,297240000
2020-03-17,228700,0,262070500
2020-03-18,411500,0,327597100
2020-03-19,219700,0,289322000
2020-03-20,318500,0,347158800
2020-03-23,310900,0,326025200
2020-03-24,265500,0,235494500
2020-03-25,159500,0,299430300
2020-03-26,168100,0,257632800
2020-03-27,44400,0,224341200
2020-03-30,73400,0,171369500
2020-03-31,77300,0,194881100
2020-04-01,227000,0,189554600
2020-04-02,57200,0,177660400
2020-04-03,53700,0,135561200
2020-04-06,77500,0,188061200
2020-04-07,99000,0,201427200
2020-04-08,42600,0,153774500
2020-04-09,94700,0,189999200
2020-04-13,24700,0,114839100
2020-04-14,30000,0,134143400
2020-04-15,172200,0,121775000
2020-04-16,26500,0,131798300
2020-04-17,24200,0,146684800
2020-04-20,36800,0,100109300
2020-04-21,243300,0,126385700
2020-04-22,36500,0,92951600
2020-04-23,31700,0,104709700
2020-04-24,27200,0,85063200
2020-04-27,142400,0,77896600
2020-04-28,59500,0,105270000
2020-04-29,246500,0,118745600
2020-04-30,106300,0,122901700
2020-05-01,74000,0,125180000
2020-05-04,42000,0,80873200
2020-05-05,27600,0,79569900
2020-05-06,12300,0,73632600
2020-05-07,25700,0,75250400
2020-05-08,19700,0,76452400
2020-05-11,44000,0,79514200
2020-05-12,94900,0,95870800
2020-05-13,43600,0,144721100
2020-05-14,57900,0,121977900
2020-05-15,16800,0,111146300
2020-05-18,52400,0,119703800
2020-05-19,29000,0,95189300
2020-05-20,22400,0,85861700
2020-05-21,12400,0,78293900
2020-05-22,26900,0,63958200
2020-05-26,15100,0,88951400
2020-05-27,33900,0,104817400
2020-05-28,86700,0,90405200
2020-05-29,18600,0,119090800
2020-06-01,24600,0,55758300
2020-06-02,18400,0,74267200
2020-06-03,47400,0,92567600
2020-06-04,25600,0,75794400
2020-06-05,74800,0,150524700
2020-06-08,326600,0,73641200
2020-06-09,36500,0,77479200
2020-06-10,43100,0,95000800
2020-06-11,139000,0,209243600
2020-06-12,174500,0,194678900
2020-06-15,85500,0,135782700
2020-06-16,77500,0,137627500
2020-06-17,42400,0,83398900
2020-06-18,21700,0,80828700
2020-06-19,40100,0,135549600
2020-06-22,34100,0,74649400
2020-06-23,71800,0,68471200
2020-06-24,76200,0,132813500
2020-06-25,33400,0,89468000
2020-06-26,99600,0,127961000
2020-06-29,21400,0,79773300
2020-06-30,27600,0,113394800
2020-07-01,79700,0,72396500
2020-07-02,49900,0,69344200
2020-07-06,51600,0,61713800
2020-07-07,36900,0,82910000
2020-07-08,32500,0,54638600
2020-07-09,38300,0,83354200
2020-07-10,35500,0,57550400
2020-07-13,85600,0,102997500
2020-07-14,163200,0,93657000
2020-07-15,27100,0,87196500
2020-07-16,20800,0,54622500
2020-07-17,19400,0,62774900
2020-07-20,72700,0,56308800
2020-07-21,55900,0,57292200
2020-07-22,24500,0,57792900
2020-07-23,65500,0,75738000
2020-07-24,41400,0,73766600
2020-07-27,35200,0,48293000
2020-07-28,17500,0,57495000
2020-07-29,29500,0,48454200
2020-07-30,30100,0,61861700
2020-07-31,27300,0,84986800
2020-08-03,35500,0,53077900
2020-08-04,16500,0,41917900
2020-08-05,42500,0,42697700
2020-08-06,133500,0,43679400
2020-08-07,49500,0,57308300
2020-08-10,20300,0,44282100
2020-08-11,57200,0,69601100
2020-08-12,63200,0,53774400
2020-08-13,15600,0,41816100
2020-08-14,96400,0,47260400
2020-08-17,25600,0,35481000
2020-08-18,124000,0,38733900
2020-08-19,18100,0,68054200
2020-08-20,57900,0,42207800
2020-08-21,94900,0,55106600
2020-08-24,43600,0,48588700
2020-08-25,19600,0,38463400
2020-08-26,30100,0,50790200
2020-08-27,59500,0,58034100
2020-08-28,50100,0,48588900
2020-08-31,68600,0,66099200
2020-09-01,34700,0,54908700
2020-09-02,48700,0,69540000
2020-09-03,206000,0,148011100
2020-09-04,165000,0,139156300
2020-09-08,143200,0,114465300
2020-09-09,104700,0,91462300
2020-09-10,71400,0,90569500
2020-09-11,56600,0,84680200
2020-09-14,24100,0,65605700
2020-09-15,46400,0,52920900
2020-09-16,18900,0,82096000
2020-09-17,49500,0,91523300
2020-09-18,118800,0,105877900
2020-09-21,54000,0,99450800
2020-09-22,67700,0,63612100
2020-09-23,45000,0,93112200
2020-09-24,27200,0,76681300
2020-09-25,52200,0,71069400
2020-09-28,40200,0,64584600
2020-09-29,27400,0,51304000
2020-09-30,30200,0,104081100
2020-10-01,25100,0,88698700
2020-10-02,126400,0,89431100
2020-10-05,37600,0,45713100
2020-10-06,57300,0,90128900
2020-10-07,34500,0,56999600
2020-10-08,25000,0,45242500
2020-10-09,45600,0,59528600
2020-10-12,35400,0,80388500
2020-10-13,52500,0,73255500
2020-10-14,43600,0,57727900
2020-10-15,59900,0,60357700
2020-10-16,21000,0,89501900
2020-10-19,29800,0,68425600
2020-10-20,20600,0,60051900
2020-10-21,47200,0,63575000
2020-10-22,41800,0,55399300
2020-10-23,14500,0,49143900
2020-10-26,104000,0,91473000
2020-10-27,50600,0,65994100
2020-10-28,184600,0,127094300
2020-10-29,60000,0,90597700
2020-10-30,122400,0,120287300
2020-11-02,70200,0,86068300
2020-11-03,66300,0,93294200
2020-11-04,100900,0,126959700
2020-11-05,119700,0,82039700
2020-11-06,186400,0,74973000
2020-11-09,259000,0,172304200
2020-11-10,202300,0,85552000
2020-11-11,60700,0,58649000
2020-11-12,36600,0,67546200
2020-11-13,55800,0,62892200
2020-11-16,84200,0,74541100
2020-11-17,28000,0,66111000
2020-11-18,54200,0,70591300
2020-11-19,33000,0,59940900
2020-11-20,84100,0,70417300
2020-11-23,151300,0,63230600
2020-11-24,83600,0,62415900
2020-11-25,57000,0,45330900
2020-11-27,30800,0,28514100
2020-11-30,108500,0,83872700
2020-12-01,62300,0,74231400
2020-12-02,17400,0,45927000
2020-12-03,41800,0,62882000
2020-12-04,19400,0,50749900
2020-12-07,19700,0,48944300
2020-12-08,34200,0,42458900
2020-12-09,132200,0,74098300
2020-12-10,47800,0,57735400
2020-12-11,141800,0,57698600
2020-12-14,105000,0,69216200
2020-12-15,38900,0,63865300
2020-12-16,44400,0,58420500
2020-12-17,96900,0,64119500
2020-12-18,61400,0,136542300
2020-12-21,107600,0,96386700
2020-12-22,39600,0,47949000
2020-12-23,49600,0,46201400
2020-12-24,28500,0,26457900
2020-12-28,41200,0,39000400
2020-12-29,66300,0,53680500
2020-12-30,59200,0,49455300
2020-12-31,45900,0,78520700
2021-01-04,132200,0,110210800
2021-01-05,58600,0,66426200
2021-01-06,70700,0,107997700
2021-01-07,108500,0,68766800
2021-01-08,73600,0,71677200
2021-01-11,47800,0,51034700
2021-01-12,42300,0,52547700
2021-01-13,106900,0,45303600
2021-01-14,42200,0,49989100
2021-01-15,78400,0,107160000
2021-01-19,83500,0,51233300
2021-01-20,25400,0,61836100
2021-01-21,98300,0,47840100
2021-01-22,45700,0,52860500
2021-01-25,45800,0,70402000
2021-01-26,135600,0,42665300
2021-01-27,226100,0,123351100
2021-01-28,314900,0,94198100
2021-01-29,139000,0,126765100
2021-02-01,92000,0,75817600
2021-02-02,134300,0,64450700
2021-02-03,31100,0,52427100
2021-02-04,108600,0,47142600
2021-02-05,116400,0,48669800
2021-02-08,39100,0,38365200
2021-02-09,58300,0,35551100
2021-02-10,78500,0,59154400
2021-02-11,125000,0,42913300
2021-02-12,55400,0,50593300
2021-02-16,72300,0,50972400
2021-02-17,191700,0,52290600
2021-02-18,66800,0,59712800
2021-02-19,72400,0,83241000
2021-02-22,33500,0,67414200
2021-02-23,192100,0,107284100
2021-02-24,53300,0,72433900
2021-02-25,73500,0,146670500
2021-02-26,43100,0,152701600
2021-03-01,133100,0,105348800
2021-03-02,128200,0,79595300
2021-03-03,31200,0,119940200
2021-03-04,98000,0,183433000
2021-03-05,60100,0,152039600
2021-03-08,38100,0,123149200
2021-03-09,59300,0,113633600
2021-03-10,50200,0,109899400
2021-03-11,143600,0,86245000
2021-03-12,184100,0,64653600
2021-03-15,147700,0,73427200
2021-03-16,85900,0,73722500
2021-03-17,95700,0,97959300
2021-03-18,32400,0,115349100
2021-03-19,48400,0,113624500
2021-03-22,57800,0,73778600
2021-03-23,95900,0,90686600
2021-03-24,29400,0,97588600
2021-03-25,35300,0,116128600
2021-03-26,129800,0,114409100
2021-03-29,53600,0,108107600
2021-03-30,59500,0,76262200
2021-03-31,34500,0,112734200
2021-04-01,63400,0,99682900
2021-04-05,219100,0,91684800
2021-04-06,109800,0,62021000
2021-04-07,22900,0,55836300
2021-04-08,99200,0,57863100
2021-04-09,33300,0,61104600
2021-04-12,138200,0,56704900
2021-04-13,17100,0,56551000
2021-04-14,109600,0,61659900
2021-04-15,192100,0,60229800
2021-04-16,154300,0,82037300
2021-04-19,84400,0,78498500
2021-04-20,135900,0,81851800
2021-04-21,65700,0,66793000
2021-04-22,57400,0,97582800
2021-04-23,214200,0,73209200
2021-04-26,38700,0,52182400
2021-04-27,60500,0,51303100
2021-04-28,86200,0,51238900
2021-04-29,43900,0,78544300
2021-04-30,54100,0,85527000
2021-05-03,58800,0,68128300
2021-05-04,176700,0,101591200
2021-05-05,123500,0,60162200
2021-05-06,36500,0,74321400
2021-05-07,110600,0,67733800
2021-05-10,93400,0,81852400
2021-05-11,73900,0,116888000
2021-05-12,191300,0,134811000
2021-05-13,76500,0,106394000
2021-05-14,64200,0,82201600
2021-05-17,28500,0,65129200
2021-05-18,55300,0,59810200
2021-05-19,232200,0,106467100
2021-05-20,119800,0,78022200
2021-05-21,42000,0,76578700
2021-05-24,59300,0,51376700
2021-05-25,22300,0,57451400
2021-05-26,42100,0,43088600
2021-05-27,170800,0,56707700
2021-05-28,78500,0,58520200
2021-06-01,60900,0,54216600
2021-06-02,23600,0,49097100
2021-06-03,33200,0,58138800
2021-06-04,42500,0,55938800
2021-06-07,23800,0,51555000
2021-06-08,19900,0,47134300
2021-06-09,70200,0,48436300
2021-06-10,102700,0,51020100
2021-06-11,50500,0,45570800
2021-06-14,27400,0,42358500
2021-06-15,36800,0,51508500
2021-06-16,32600,0,80386100
2021-06-17,27700,0,90949700
2021-06-18,119000,0,118676300
2021-06-21,18700,0,72822000
2021-06-22,23900,0,57700300
2021-06-23,19200,0,49445400
2021-06-24,52300,0,45110300
2021-06-25,79900,0,58129500
2021-06-28,50000,0,53159600
2021-06-29,33400,0,35970500
2021-06-30,55000,0,64827900
2021-07-01,46000,0,53441000
2021-07-02,170500,0,57697700
2021-07-06,106400,0,68710400
2021-07-07,32000,0,63549500
2021-07-08,126200,0,97595200
2021-07-09,31900,0,76238600
2021-07-12,19500,0,52889600
2021-07-13,163500,0,52911300
2021-07-14,48600,0,64130400
2021-07-15,193400,0,55126400
2021-07-16,31400,0,75874700
2021-07-19,209700,0,147987000
2021-07-20,215100,0,99608200
2021-07-21,44200,0,64724400
2021-07-22,24500,0,47878500
2021-07-23,165300,0,63766600
2021-07-26,19400,0,43719200
2021-07-27,96900,0,67397100
2021-07-28,62700,0,52472400
2021-07-29,73200,0,47435300
2021-07-30,47400,0,68951200
2021-08-02,45800,0,58783300
2021-08-03,47200,0,58053900
2021-08-04,29800,0,46732200
2021-08-05,20300,0,38969700
2021-08-06,99800,0,46930000
2021-08-09,41600,0,41222600
2021-08-10,39300,0,43339300
2021-08-11,19700,0,44034300
2021-08-12,26800,0,38909400
2021-08-13,193900,0,39470300
2021-08-16,37800,0,73740000
2021-08-17,64300,0,92673900
2021-08-18,60600,0,89351900
2021-08-19,133800,0,92812200
2021-08-20,366400,0,72008700
2021-08-23,432700,0,54973000
2021-08-24,80000,0,38744700
2021-08-25,47500,0,40529700
2021-08-26,39600,0,57829600
2021-08-27,62900,0,77235100
2021-08-30,65500,0,48357400
2021-08-31,70000,0,59300200
2021-09-01,118900,0,48721400
2021-09-02,49500,0,42501000
2021-09-03,37900,0,47170500
2021-09-07,79500,0,51671500
2021-09-08,76600,0,56181900
2021-09-09,29100,0,57970400
2021-09-10,81900,0,89948200
2021-09-13,70800,0,83738600
2021-09-14,33100,0,78197100
2021-09-15,59000,0,78792200
2021-09-16,42800,0,77786700
2021-09-17,72000,0,118425000
2021-09-20,318600,0,166445500
2021-09-21,162200,0,92526100
2021-09-22,97000,0,102350100
2021-09-23,48600,0,76396000
2021-09-24,83300,0,62094800
2021-09-27,238700,0,61371100
2021-09-28,132700,0,130436300
2021-09-29,80500,0,82329200
2021-09-30,115100,0,140506000
2021-10-01,126800,0,129240100
2021-10-04,387800,0,128570000
2021-10-05,38500,0,90682500
2021-10-06,27900,0,113032200
2021-10-07,49000,0,72437500
2021-10-08,24700,0,74557400
2021-10-11,20300,0,65233300
2021-10-12,28200,0,71181200
2021-10-13,42400,0,72974000
2021-10-14,55400,0,70236800
2021-10-15,48500,0,66260200
2021-10-18,60200,0,62213200
2021-10-19,64000,0,46996800
2021-10-20,307100,0,49571600
2021-10-21,104300,0,41305400
2021-10-22,44300,0,58845100
2021-10-25,71300,0,45214500
2021-10-26,41000,0,56075100
2021-10-27,44200,0,72438000
2021-10-28,23100,0,51437900
2021-10-29,223800,0,70162400
2021-11-01,433200,0,48433600
2021-11-02,35700,0,48908400
2021-11-03,205600,0,52509800
2021-11-04,43700,0,52847100
2021-11-05,36300,0,66390600
2021-11-08,96900,0,50405200
2021-11-09,62900,0,51149100
2021-11-10,30000,0,69429700
2021-11-11,46900,0,34848500
2021-11-12,32300,0,53466700
2021-11-15,35000,0,46980500
2021-11-16,20000,0,48857500
2021-11-17,31200,0,47858300
2021-11-18,28300,0,50625600
2021-11-19,37700,0,57315600
2021-11-22,34900,0,72762000
2021-11-23,114200,0,73206500
2021-11-24,61800,0,61858800
2021-11-26,188600,0,112669600
2021-11-29,65700,0,86268800
2021-11-30,148800,0,148559600
2021-12-01,133700,0,131939200
2021-12-02,125600,0,127637800
2021-12-03,573000,0,137331600
2021-12-06,414300,0,98977500
2021-12-07,181800,0,95484700
2021-12-08,96900,0,72238800
2021-12-09,77700,0,61272600
2021-12-10,62900,0,77159800
2021-12-13,77200,0,87724700
2021-12-14,48700,0,97264100
2021-12-15,137600,0,116899300
2021-12-16,37400,0,116568600
2021-12-17,63400,0,135511600
2021-12-20,46200,0,107134800
2021-12-21,111000,0,69806300
2021-12-22,104900,0,58890200
2021-12-23,48000,0,56439700
2021-12-27,85200,0,56808600
2021-12-28,20300,0,47274600
2021-12-29,58600,0,54503000
2021-12-30,50400,0,55329000
2021-12-31,88400,0,65237400
2022-01-03,43700,0,72668200
2022-01-04,59200,0,71178700
2022-01-05,67100,0,104538900
2022-01-06,181100,0,86858900
2022-01-07,33900,0,85111600
2022-01-10,101100,0,119362000
2022-01-11,140200,0,74303100
2022-01-12,51300,0,67605400
2022-01-13,77800,0,91173100
2022-01-14,79000,0,95890900
2022-01-18,87000,0,109709100
2022-01-19,189400,0,109357600
2022-01-20,209900,0,122379700
2022-01-21,189000,0,202271200
2022-01-24,1501100,0,251783900
2022-01-25,185400,0,167997300
2022-01-26,186200,0,186391100
2022-01-27,109600,0,149878300
2022-01-28,93700,0,164457400
2022-01-31,95400,0,152251400
2022-02-01,123400,0,123155400
2022-02-02,124800,0,117361000
2022-02-03,67300,0,118024400
2022-02-04,71500,0,118454400
2022-02-07,53000,0,84472900
2022-02-08,68700,0,81012000
2022-02-09,194800,0,92589900
2022-02-10,156500,0,140103700
2022-02-11,140800,0,153214600
2022-02-14,92100,0,123006300
2022-02-15,72700,0,88482700
2022-02-16,75900,0,84863600
2022-02-17,104700,0,102259100
2022-02-18,95900,0,132642900
2022-02-22,280400,0,124391800
2022-02-23,255300,0,132578000
2022-02-24,319300,0,213942900
2022-02-25,242400,0,121804500
2022-02-28,115100,0,145615000
2022-03-01,350700,0,137785900
2022-03-02,79300,0,117726500
2022-03-03,45600,0,105501700
2022-03-04,81600,0,113978200
2022-03-07,295500,0,137896600
2022-03-08,262000,0,164772700
2022-03-09,294400,0,116990800
2022-03-10,121600,0,93972700
2022-03-11,65600,0,95636300
2022-03-14,234100,0,95729200
2022-03-15,57900,0,106219100
2022-03-16,164500,0,144954800
2022-03-17,122400,0,102676900
2022-03-18,138500,0,106345500
2022-03-21,129700,0,88349800
2022-03-22,43100,0,74650400
2022-03-23,82200,0,79426100
2022-03-24,120100,0,64736900
2022-03-25,93000,0,77101300
2022-03-28,71000,0,68529800
2022-03-29,192000,0,86581500
2022-03-30,91700,0,79666900
2022-03-31,60100,0,121699900
2022-04-01,64800,0,89048800
2022-04-04,65500,0,59601000
2022-04-05,73800,0,74214500
2022-04-06,236300,0,106898000
2022-04-07,53200,0,78097200
2022-04-08,48200,0,79272700
2022-04-11,78100,0,89770500
2022-04-12,56900,0,84363600
2022-04-13,67600,0,74070400
2022-04-14,487300,0,97869500
2022-04-18,129300,0,66002500
2022-04-19,132700,0,77821000
2022-04-20,144000,0,65224400
2022-04-21,79400,0,85417300
2022-04-22,112800,0,132471800
2022-04-25,140700,0,119647700
2022-04-26,134900,0,103996300
2022-04-27,193800,0,122030000
2022-04-28,71900,0,105449100
2022-04-29,292500,0,145491100
2022-05-02,362300,0,158312500
2022-05-03,259000,0,100028200
2022-05-04,114300,0,144247900
2022-05-05,201400,0,172929100
2022-05-06,358200,0,151770800
2022-05-09,164900,0,155586100
2022-05-10,116300,0,132497200
2022-05-11,82500,0,142361000
2022-05-12,98900,0,125090800
2022-05-13,335800,0,104174400
2022-05-16,72300,0,78622400
2022-05-17,64300,0,83029700
2022-05-18,164200,0,117674500
2022-05-19,71400,0,98510700
2022-05-20,144600,0,131432200
2022-05-23,61500,0,76414900
2022-05-24,79300,0,91448800
2022-05-25,124900,0,91472900
2022-05-26,89100,0,82168300
2022-05-27,103200,0,84768700
2022-05-31,112200,0,95937000
2022-06-01,105600,0,86585800
2022-06-02,87000,0,79609600
2022-06-03,57200,0,71874300
2022-06-06,85500,0,57508900
2022-06-07,188200,0,59272400
2022-06-08,95600,0,64350000
2022-06-09,42900,0,86289800
2022-06-10,256400,0,132893900
2022-06-13,371100,0,170004900
2022-06-14,110000,0,104011800
2022-06-15,306200,0,125666800
2022-06-16,200500,0,134473300
2022-06-17,172700,0,111113900
2022-06-21,340100,0,76811900
2022-06-22,66700,0,90059400
2022-06-23,128800,0,79292100
2022-06-24,270600,0,98050300
2022-06-27,93500,0,66009600
2022-06-28,174200,0,86548900
2022-06-29,56800,0,65676000
2022-06-30,112400,0,112508300
2022-07-01,99200,0,74839700
2022-07-05,144600,0,81438000
2022-07-06,112600,0,70426200
2022-07-07,31100,0,64525900
2022-07-08,39400,0,72397800
2022-07-11,267400,0,58366900
2022-07-12,49300,0,62219200
2022-07-13,104000,0,84224600
2022-07-14,181900,0,89704800
2022-07-15,121100,0,79060400
2022-07-18,88300,0,63203600
2022-07-19,81400,0,78506000
2022-07-20,63700,0,71843800
2022-07-21,30500,0,64903900
2022-07-22,32500,0,72197300
2022-07-25,83900,0,53631500
2022-07-26,36700,0,52946400
2022-07-27,85500,0,82342100
2022-07-28,87200,0,73966600
2022-07-29,120400,0,87003700
2022-08-01,72300,0,69997500
2022-08-02,61800,0,63435400
2022-08-03,48900,0,67820600
2022-08-04,23500,0,45656600
2022-08-05,37800,0,56814900
2022-08-08,33500,0,53886100
2022-08-09,98400,0,44931800
2022-08-10,101200,0,68665700
2022-08-11,99200,0,59489700
2022-08-12,108900,0,61694500
2022-08-15,81900,0,54048300
2022-08-16,65200,0,59289000
2022-08-17,57300,0,63563400
2022-08-18,306800,0,49023200
2022-08-19,104700,0,68016900
2022-08-22,153600,0,77695600
2022-08-23,73500,0,49105200
2022-08-24,64700,0,49177800
2022-08-25,103700,0,50942300
2022-08-26,104500,0,103087000
2022-08-29,59700,0,65370800
2022-08-30,103200,0,85652400
2022-08-31,30400,0,76029700
2022-09-01,165600,0,78740100
2022-09-02,102400,0,99632100
2022-09-06,63500,0,76637400
2022-09-07,67200,0,70964200
2022-09-08,62800,0,80821700
2022-09-09,126800,0,76706900
2022-09-12,128600,0,69256300
2022-09-13,144100,0,122947100
2022-09-14,39900,0,85023700
2022-09-15,52900,0,87633800
2022-09-16,199800,0,103084800
2022-09-19,80200,0,73278500
2022-09-20,46700,0,77274900
2022-09-21,54500,0,106746600
2022-09-22,61400,0,89472600
2022-09-23,190400,0,122346900
2022-09-26,86200,0,92581200
2022-09-27,112200,0,108294100
2022-09-28,52300,0,110802200
2022-09-29,197200,0,112952300
2022-09-30,148100,0,153711200
2022-10-03,107700,0,89756500
2022-10-04,300600,0,103602800
2022-10-05,82500,0,88065700
2022-10-06,48600,0,82333500
2022-10-07,128700,0,107789500
2022-10-10,78200,0,76042800
2022-10-11,24200,0,92482800
2022-10-12,147700,0,76991800
2022-10-13,122800,0,147254500
2022-10-14,49800,0,123737000
2022-10-17,43300,0,93168200
2022-10-18,49200,0,97162900
2022-10-19,84300,0,79746900
2022-10-20,37400,0,88283100
2022-10-21,75800,0,131038400
2022-10-24,99600,0,85436900
2022-10-25,48200,0,78846300
2022-10-26,91000,0,104087300
2022-10-27,59400,0,81971800
2022-10-28,42200,0,100302000
2022-10-31,27700,0,96631300
2022-11-01,143700,0,85407600
2022-11-02,174800,0,126990400
2022-11-03,71400,0,87100100
2022-11-04,158300,0,103505200
2022-11-07,67200,0,68286900
2022-11-08,63200,0,84641100
2022-11-09,58400,0,78495500
2022-11-10,107300,0,141455800
2022-11-11,62600,0,93839900
2022-11-14,100600,0,71903500
2022-11-15,39000,0,93194500
2022-11-16,122100,0,68508500
2022-11-17,32300,0,74496300
2022-11-18,24300,0,92922500
2022-11-21,50400,0,51243200
2022-11-22,60900,0,60429000
2022-11-23,157500,0,68261600
2022-11-25,26800,0,30545400
2022-11-28,190100,0,67881600
2022-11-29,61300,0,52310000
2022-11-30,93400,0,144566700
2022-12-01,122000,0,76398200
2022-12-02,75000,0,85342700
2022-12-05,107300,0,77289800
2022-12-06,186000,0,77972200
2022-12-07,102400,0,65927900
2022-12-08,68700,0,60737900
2022-12-09,44800,0,81447700
2022-12-12,66400,0,75405800
2022-12-13,59500,0,123782500
2022-12-14,78200,0,108111300
2022-12-15,169700,0,117705900
2022-12-16,107800,0,119858000
2022-12-19,144400,0,79878100
2022-12-20,121100,0,74427200
2022-12-21,112400,0,78167400
2022-12-22,93100,0,100120900
2022-12-23,33100,0,59857300
2022-12-27,85900,0,51638200
2022-12-28,49600,0,70911500
2022-12-29,33700,0,66970900
2022-12-30,151400,0,84022200
2023-01-03,220300,0,74850700
2023-01-04,163100,0,85934100
2023-01-05,133300,0,76970500
2023-01-06,224900,0,104189600
2023-01-09,130600,0,73978100
2023-01-10,121100,0,65358100
2023-01-11,202600,0,68881100
2023-01-12,219400,0,90157700
2023-01-13,191200,0,63903900
2023-01-17,121900,0,62677300
2023-01-18,125700,0,99632300
2023-01-19,61200,0,86958900
2023-01-20,143100,0,91806400
2023-01-23,110400,0,84178800
2023-01-24,60300,0,59524900
2023-01-25,319800,0,84800300
2023-01-26,44300,0,72287400
2023-01-27,59900,0,68346200
2023-01-30,89400,0,74202000
2023-01-31,97400,0,86811800
2023-02-01,187700,0,101459200
2023-02-02,202600,0,101654500
2023-02-03,76400,0,94736800
2023-02-06,57500,0,60295300
2023-02-07,106800,0,90990700
2023-02-08,32300,0,76227500
2023-02-09,28800,0,78694900
2023-02-10,37100,0,70769700
2023-02-13,30900,0,64913500
2023-02-14,74800,0,88389300
2023-02-15,24400,0,61555700
2023-02-16,30700,0,76431500
2023-02-17,52800,0,89257800
2023-02-21,83900,0,82655900
2023-02-22,42600,0,83742300
2023-02-23,39600,0,96242400
2023-02-24,52800,0,108194400
2023-02-27,27900,0,80444700
2023-02-28,42200,0,96438600
2023-03-01,124300,0,99706800
2023-03-02,104800,0,85127800
2023-03-03,53000,0,90120000
2023-03-06,42500,0,72795900
2023-03-07,37900,0,108310600
2023-03-08,16500,0,74746600
2023-03-09,75200,0,111945300
2023-03-10,104500,0,189253000
2023-03-13,100700,0,157790000
2023-03-14,58800,0,149752400
2023-03-15,161600,0,172996900
2023-03-16,139000,0,143254200
2023-03-17,130900,0,140553400
2023-03-20,63100,0,93055800
2023-03-21,144300,0,91524200
2023-03-22,66800,0,111746600
2023-03-23,91100,0,119351300
2023-03-24,60900,0,107682400
2023-03-27,39000,0,74010400
2023-03-28,48400,0,62871700
2023-03-29,49000,0,77497900
2023-03-30,77400,0,69840000
2023-03-31,61500,0,112062600
2023-04-03,103000,0,67391100
2023-04-04,127800,0,66601500
2023-04-05,78000,0,65200200
2023-04-06,28200,0,63743300
2023-04-10,55300,0,63681000
2023-04-11,42900,0,59297900
2023-04-12,112700,0,86420400
2023-04-13,52700,0,85814800
2023-04-14,34100,0,78161500
2023-04-17,105700,0,66436400
2023-04-18,35200,0,63560000
2023-04-19,48700,0,55227300
2023-04-20,98500,0,75840400
2023-04-21,61300,0,73457400
2023-04-24,81700,0,64332100
2023-04-25,142000,0,97766700
2023-04-26,115100,0,80447000
2023-04-27,37900,0,92968400
2023-04-28,73900,0,89335600
2023-05-01,56600,0,62122300
2023-05-02,112000,0,103998500
2023-05-03,78100,0,91531800
2023-05-04,225400,0,94901900
2023-05-05,235800,0,87844000
2023-05-08,38400,0,50046800
2023-05-09,30900,0,49220100
2023-05-10,30400,0,96142900
2023-05-11,34200,0,70157100
2023-05-12,45600,0,70439400
2023-05-15,57700,0,54289400
2023-05-16,22200,0,57705500
2023-05-17,41300,0,87287000
2023-05-18,40900,0,97177200
2023-05-19,50700,0,103679700
2023-05-22,50400,0,60745400
2023-05-23,63900,0,86383500
2023-05-24,76400,0,89213700
2023-05-25,479900,0,90961600
2023-05-26,63900,0,93830000
2023-05-30,52900,0,72216000
2023-05-31,26200,0,110811800
2023-06-01,485100,0,88865000
2023-06-02,77700,0,91366700
2023-06-05,120000,0,65460200
2023-06-06,251100,0,64022200
2023-06-07,241800,0,85373300
2023-06-08,89500,0,61952800
2023-06-09,47900,0,85742800
2023-06-12,73900,0,76104300
2023-06-13,150800,0,95899700
2023-06-14,69900,0,100612100
2023-06-15,60400,0,110303100
2023-06-16,68900,0,114121300
2023-06-20,292300,0,76160400
2023-06-21,62200,0,76982300
2023-06-22,31900,0,70637200
2023-06-23,91900,0,92074500
2023-06-26,76200,0,72823600
2023-06-27,149500,0,72813700
2023-06-28,148500,0,75636000
2023-06-29,121000,0,67882300
2023-06-30,85800,0,104921500
2023-07-03,52500,0,32793400
2023-07-05,130400,0,58418400
2023-07-06,266000,0,80658300
2023-07-07,98500,0,86076100
2023-07-10,14500,0,62443500
2023-07-11,42700,0,64463800
2023-07-12,173500,0,91924500
2023-07-13,68700,0,72425200
2023-07-14,119000,0,69761800
2023-07-17,80900,0,52680200
2023-07-18,74600,0,80744400
2023-07-19,81700,0,65891700
2023-07-20,73200,0,70591600
2023-07-21,35200,0,71245400
2023-07-24,68200,0,54023400
2023-07-25,45700,0,55191200
2023-07-26,48000,0,71052900
2023-07-27,56100,0,92194400
2023-07-28,353900,0,80011800
2023-07-31,85700,0,62040400
2023-08-01,62200,0,55291500
2023-08-02,196600,0,93933400
2023-08-03,87100,0,64276100
2023-08-04,54400,0,100052300
2023-08-07,22200,0,58357500
2023-08-08,41500,0,71361300
2023-08-09,64300,0,78789600
2023-08-10,148100,0,93005500
2023-08-11,24700,0,68664600
2023-08-14,35600,0,47867400
2023-08-15,79100,0,75707500
2023-08-16,220100,0,80107200
2023-08-17,112200,0,95711300
2023-08-18,60800,0,98758400
2023-08-21,43700,0,68719000
2023-08-22,19800,0,65062900
2023-08-23,156000,0,68441000
2023-08-24,32200,0,88517300
2023-08-25,67400,0,102325100
2023-08-28,198700,0,61595400
2023-08-29,184500,0,83081900
2023-08-30,61500,0,69053900
2023-08-31,248200,0,66084600
2023-09-01,187800,0,58875700
2023-09-05,87500,0,55166200
2023-09-06,45300,0,70758500
2023-09-07,95800,0,70355400
2023-09-08,37100,0,61659700
2023-09-11,37700,0,60180100
2023-09-12,22400,0,67565400
2023-09-13,22400,0,60199300
2023-09-14,86600,0,83430800
2023-09-15,79000,0,111761400
2023-09-18,68700,0,55752200
2023-09-19,74000,0,66514600
2023-09-20,82300,0,82562600
2023-09-21,86000,0,103976100
2023-09-22,32400,0,100829700
2023-09-25,106800,0,70874500
2023-09-26,98600,0,96168400
2023-09-27,101600,0,104705800
2023-09-28,193700,0,92258300
2023-09-29,67200,0,115078500
2023-10-02,59500,0,83798600
2023-10-03,236200,0,103760600
2023-10-04,60900,0,87453000
2023-10-05,121500,0,70142700
2023-10-06,97500,0,113202700
2023-10-09,98300,0,80374400
2023-10-10,192100,0,78607300
2023-10-11,22200,0,62451700
2023-10-12,24200,0,81154200
2023-10-13,240500,0,95143100
2023-10-16,115000,0,75433200
2023-10-17,75000,0,75324700
2023-10-18,49200,0,93559800
2023-10-19,59700,0,121323000
2023-10-20,119400,0,123845800
2023-10-23,234600,0,92035100
2023-10-24,93500,0,78564200
2023-10-25,91800,0,94223200
2023-10-26,90400,0,115156800
2023-10-27,62500,0,107367700
2023-10-30,57900,0,86562700
2023-10-31,104100,0,79665200
2023-11-01,219200,0,98068100
2023-11-02,198700,0,94938900
2023-11-03,244000,0,100110800
2023-11-06,208600,0,67831700
2023-11-07,67000,0,64256100
2023-11-08,53300,0,61746000
2023-11-09,202900,0,83174400
2023-11-10,39500,0,89462200
2023-11-13,49800,0,52236100
2023-11-14,37000,0,97176900
2023-11-15,101200,0,77327600
2023-11-16,43500,0,66665800
2023-11-17,29000,0,83133200
2023-11-20,47200,0,69936200
2023-11-21,42100,0,49244600
2023-11-22,137900,0,59394900
2023-11-24,45900,0,29737400
2023-11-27,74500,0,50506000
2023-11-28,72800,0,62115000
2023-11-29,70000,0,63146000
2023-11-30,113600,0,79752700
2023-12-01,91600,0,89097900
2023-12-04,49200,0,72430900
2023-12-05,42800,0,69793500
2023-12-06,65400,0,69124700
2023-12-07,38600,0,66995400
2023-12-08,45400,0,83080900
2023-12-11,63000,0,65002200
2023-12-12,97600,0,68327600
2023-12-13,68500,0,93278000
2023-12-14,198500,0,119026000
2023-12-15,35000,0,141319300
2023-12-18,31100,0,70375300
2023-12-19,38900,0,55761800
2023-12-20,173600,0,102921000
2023-12-21,67400,0,86667500
2023-12-22,47100,0,67126600
2023-12-26,39000,0,55387000
2023-12-27,68900,0,68000300
2023-12-28,27400,0,77158100
2023-12-29,112600,0,122234100
2024-01-02,90400,0,123623700
2024-01-03,40000,0,103585900
2024-01-04,43700,0,84232200
2024-01-05,53300,0,86060800
2024-01-08,81600,0,74879100
2024-01-09,54400,0,65931400
2024-01-10,28200,0,67310600
2024-01-11,69500,0,77940700
2024-01-12,57600,0,57944000
2024-01-16,107200,0,85014900
2024-01-17,115600,0,68843900
2024-01-18,31400,0,91856200
2024-01-19,76500,0,110733300
2024-01-22,57100,0,75844900
2024-01-23,63700,0,49945300
2024-01-24,67800,0,81765000
2024-01-25,38500,0,72525000
2024-01-26,37700,0,76641600
2024-01-29,28800,0,61322800
2024-01-30,61700,0,58618400
2024-01-31,80700,0,126011100
2024-02-01,75200,0,91891600
2024-02-02,57800,0,99147700
2024-02-05,49200,0,75757100
2024-02-06,31100,0,55918600
2024-02-07,58300,0,70556500
2024-02-08,23200,0,52343600
2024-02-09,61500,0,63979400
2024-02-12,62000,0,56502300
2024-02-13,136300,0,113099200
2024-02-14,50700,0,68387800
2024-02-15,32300,0,61683000
2024-02-16,54900,0,75461200
2024-02-20,31300,0,71736700
2024-02-21,87500,0,59603800
2024-02-22,197400,0,76402500
2024-02-23,24800,0,61321800
2024-02-26,68200,0,50386700
2024-02-27,51900,0,48854500
2024-02-28,44000,0,56506600
2024-02-29,33700,0,83924800
2024-03-01,70600,0,76805900
2024-03-04,44800,0,49799300
2024-03-05,134500,0,72855600
2024-03-06,57600,0,68382400
2024-03-07,27400,0,58652100
2024-03-08,57600,0,86425500
2024-03-11,32000,0,62557200
2024-03-12,2647800,0,73114400
2024-03-13,576000,0,55104100
2024-03-14,125000,0,110171800
2024-03-15,230900,0,107585800
2024-03-18,35100,0,88893300
2024-03-19,67000,0,60755300
2024-03-20,100300,0,69594600
2024-03-21,181400,0,60256100
2024-03-22,46600,0,79023000
2024-03-25,46100,0,48512100
2024-03-26,52200,0,65463700
2024-03-27,20200,0,82999800
2024-03-28,40500,0,96294900
2024-04-01,45900,0,62477500
2024-04-02,245400,0,74230300
2024-04-03,35500,0,59155800
2024-04-04,45400,0,96858100
2024-04-05,56000,0,74482100
2024-04-08,56800,0,48401800
2024-04-09,37300,0,68124400
2024-04-10,59100,0,82652800
2024-04-11,69300,0,70099000
2024-04-12,3244500,0,92469100
2024-04-15,82800,0,92101400
2024-04-16,49300,0,73484000
2024-04-17,29500,0,75910300
2024-04-18,78600,0,74548100
2024-04-19,61700,0,102129100
2024-04-22,178400,0,67961000
2024-04-23,3754700,0,64633600
2024-04-24,65900,0,55928100
2024-04-25,72600,0,69122400
2024-04-26,1051900,0,64306100
2024-04-29,59100,0,46415400
2024-04-30,52200,0,77483600
2024-05-01,93500,0,80242800
2024-05-02,34000,0,62550200
2024-05-03,79100,0,72756700
2024-05-06,145900,0,47264700
2024-05-07,29800,0,52561300
2024-05-08,55100,0,42047200
2024-05-09,26800,0,43643700
2024-05-10,400100,0,52233200
2024-05-13,63900,0,36716400
2024-05-14,58600,0,57535900
2024-05-15,87700,0,59504900
2024-05-16,136300,0,50244800
2024-05-17,460700,0,59187600
2024-05-20,38000,0,37764200
2024-05-21,73400,0,33437000
2024-05-22,65200,0,48390000
2024-05-23,98600,0,57211200
2024-05-24,44000,0,41258400
2024-05-28,137100,0,36269600
2024-05-29,86900,0,45190300
2024-05-30,30800,0,46468500
2024-05-31,41900,0,90785800
2024-06-03,81900,0,46835700
2024-06-04,48700,0,34632700
2024-06-05,41700,0,47610400
2024-06-06,33100,0,30808500
2024-06-07,29900,0,43224500
2024-06-10,64200,0,35729300
2024-06-11,56300,0,36383400
2024-06-12,110500,0,63251300
2024-06-13,68300,0,44760900
2024-06-14,109000,0,40089900
2024-06-17,111800,0,55839500
2024-06-18,31500,0,41376400
2024-06-20,156600,0,70328200
2024-06-21,162300,0,64513900
2024-06-24,39700,0,45528700
2024-06-25,45500,0,38273300
2024-06-26,19800,0,38550600
2024-06-27,5269300,0,35041500
2024-06-28,69300,0,76144500
2024-07-01,75700,0,40297800
2024-07-02,108900,0,40434800
2024-07-03,39900,0,32789900
2024-07-05,97400,0,41488400
2024-07-08,42200,0,36110500
2024-07-09,79100,0,27289700
2024-07-10,118600,0,38701200
2024-07-11,148100,0,53054200
2024-07-12,76300,0,53084400
2024-07-15,67000,0,40584300
2024-07-16,55500,0,36475300
2024-07-17,91400,0,57119000
2024-07-18,115900,0,56270400
2024-07-19,48000,0,65509100
2024-07-22,75800,0,43346700
2024-07-23,73400,0,34439600
2024-07-24,105200,0,74515300
2024-07-25,120300,0,61158300
2024-07-26,60800,0,53763800
2024-07-29,40800,0,39515800
2024-07-30,117800,0,46853600
2024-07-31,95100,0,65663400
2024-08-01,154000,0,76428700
2024-08-02,608000,0,82789100
2024-08-05,1339000,0,146267400
2024-08-06,724800,0,84826300
2024-08-07,174900,0,70698300
2024-08-08,125300,0,63276600
2024-08-09,85200,0,45619600
2024-08-12,122100,0,42542100
2024-08-13,76900,0,52333100
2024-08-14,156000,0,42446900
2024-08-15,111300,0,60846800
2024-08-16,103500,0,44430700
2024-08-19,63800,0,39121800
2024-08-20,72500,0,33732300
2024-08-21,154800,0,41514600
2024-08-22,142500,0,56121500
2024-08-23,67800,0,50639400
2024-08-26,142200,0,35788600
2024-08-27,79300,0,32693900
2024-08-28,120700,0,41066000
2024-08-29,37100,0,38715200
2024-08-30,54500,0,62700100
2024-09-03,163900,0,60600100
2024-09-04,200300,0,47224900
2024-09-05,170300,0,44264300
2024-09-06,281200,0,68493800
2024-09-09,67200,0,40445800
2024-09-10,74900,0,36394600
2024-09-11,84200,0,75248600
2024-09-12,66800,0,51892700
2024-09-13,49700,0,39310500
2024-09-16,54500,0,36656100
2024-09-17,364900,0,49321000
2024-09-18,465400,0,59044900
2024-09-19,218000,0,75315500
2024-09-20,83600,0,77503100
2024-09-23,78200,0,44116900
2024-09-24,173400,0,46805700
2024-09-25,125600,0,38428600
2024-09-26,115900,0,48336000
2024-09-27,88800,0,42100900
2024-09-30,57100,0,63557400
2024-10-01,160700,0,72668800
2024-10-02,43400,0,38097800
2024-10-03,99900,0,40846500
2024-10-04,111700,0,42939100
2024-10-07,163400,0,49964700
2024-10-08,100000,0,37398700
2024-10-09,251400,0,37912200
2024-10-10,44100,0,44138100
2024-10-11,36400,0,42268000
2024-10-14,78200,0,36217200
2024-10-15,55000,0,54203600
2024-10-16,26400,0,30725400
2024-10-17,45200,0,34393700
2024-10-18,84900,0,37416800
2024-10-21,151600,0,36439000
2024-10-22,83400,0,34183800
2024-10-23,76000,0,49314600
2024-10-24,47500,0,34979900
2024-10-25,59200,0,47268200
2024-10-28,63100,0,30174700
2024-10-29,137600,0,42899700
2024-10-30,113300,0,41435800
2024-10-31,360900,0,60182500
2024-11-01,158600,0,45667500
2024-11-04,91300,0,38217000
2024-11-05,90900,0,39478300
2024-11-06,219500,0,68182000
2024-11-07,592300,0,47233200
2024-11-08,62800,0,46444900
2024-11-11,121900,0,37586800
2024-11-12,98200,0,43006100
2024-11-13,89900,0,47388600
2024-11-14,122100,0,38904100
2024-11-15,510500,0,75988800
2024-11-18,160300,0,37084100
2024-11-19,92800,0,49412000
2024-11-20,90600,0,50032600
2024-11-21,118400,0,46750300
2024-11-22,83100,0,38226400
2024-11-25,92700,0,42441400
2024-11-26,63200,0,45621300
2024-11-27,58200,0,34000200
2024-11-29,35400,0,30177400
2024-12-02,90400,0,31746000
2024-12-03,50500,0,26906600
2024-12-04,153900,0,42787600
2024-12-05,108600,0,28762200
2024-12-06,115100,0,31241500
2024-12-09,193600,0,34742700
2024-12-10,127200,0,37234500
2024-12-11,100700,0,28677700
2024-12-12,72000,0,31543800
2024-12-13,60100,0,35904700
2024-12-16,75600,0,43695200
2024-12-17,98000,0,55773500
2024-12-18,327800,0,108248700
2024-12-19,597100,0,85919500
2024-12-20,336800,0,125716700
2024-12-23,101400,0,57635800
2024-12-24,129300,0,33160100
2024-12-26,92600,0,41219100
2024-12-27,147100,0,64969300
2024-12-30,218600,0,56578800
2024-12-31,58900,0,57052700
2025-01-02,102300,0,50204000
2025-01-03,75000,0,37888500
